ISBN;Count
9788575421024;120
9788575420270;111
9788575422397;109
9788502218482;105
9788539004119;102
9788522005239;97
9788560018000;80
9788545200345;80
9788535206234;78
9788501044457;72
9788576840626;68
9788576831303;65
9788578600136;64
9788532635792;64
9788562936524;63
9788575429105;63
9788580572261;58
9788525432186;58
9788580573299;55
9788576653202;55
9788576766308;52
9788580574166;52
9788575426432;50
9788525048950;50
9788542207415;49
9788580578645;48
9788576831952;48
9788543104508;48
9788562936067;48
9788580572186;47
9788580573015;46
9788573124392;46
9788580573749;46
9788580575330;45
9788576846499;45
9788542201604;45
9788599296363;45
9788576832294;42
9788598078397;42
9788543104355;42
9788575428696;41
9788576832584;41
9788575423929;41
9788576832768;40
9788539003839;38
9788575424889;38
9788520924099;37
9788575425114;37
9788532604910;36
9788525060044;36
9788580572100;36
9788573127836;34
9788565765015;33
9788502124042;33
9788525054005;33
9788593156298;33
9788563219022;33
9788580573152;32
9788543101439;32
9788543101620;32
9788580572162;31
9788551002490;31
9788542209303;31
;30
9788535928198;30
9788578273422;29
9788576833079;29
9788525065360;29
9788580572773;29
9788598078441;28
9788543101279;28
9788543102092;28
9788580577730;28
9788598078175;27
9788563219077;27
9788579800245;27
9788557170438;27
9788580411522;26
9788535909555;26
9788501104656;26
9788576833680;26
9788525061805;26
9788576656227;26
9788504004861;26
9788500019531;26
9788584390113;25
9788525049865;25
9788582463130;25
9788580570083;25
9788573028928;25
9788576849940;25
9788555461002;24
9788578310431;24
9788545202219;24
9788525063304;24
9788563219428;24
9788535923438;23
9788532522337;23
9788578310066;23
9788543101637;23
9788580417661;23
9788502224049;22
9788525051363;22
9788577221684;22
9788538066477;22
9788579800863;22
9788563219206;22
9788542211313;22
9788582780947;22
9788547000240;21
9788580577686;21
9788581370194;21
9788525054081;21
9788525054463;21
9788555460869;21
9788550801483;21
9788580570458;21
9788580578379;21
9788535215243;21
9788581635415;21
9788551002001;20
9788565765695;20
9788579800641;20
9788543105819;20
9788576846574;20
9788580440270;20
9788539004294;20
9788582463987;20
9788575428092;20
9788555461019;20
9788544102848;20
9788569514138;20
9788565530118;19
9788573126525;19
9788575423387;19
9788551002810;19
9788551001288;18
9788502225640;18
9788598078908;18
9788543105277;18
9788599296158;18
9788576834847;18
9788575426630;18
9788576861034;18
9788575422106;18
9788539005352;18
9788525051172;18
9788582402603;18
9788525423535;18
9788598078588;18
9788532520661;18
9788573029161;18
9788582781067;18
9788563219312;18
9788525058034;18
9788545201441;17
9788581053127;17
9788598254418;17
9788501402516;17
9788543105758;17
9788535919714;17
9788501091338;17
9788580576979;17
9788579801310;17
9788579300707;16
9788544105375;16
9788545200253;16
7898383591023;16
9788522013500;16
9788539000760;16
9788542204148;16
9788567028835;16
9788532530424;16
9788525061515;16
9788573128482;16
9788560096848;15
9788595080393;15
9788576836902;15
9788563219299;15
9788573127591;15
9788595081765;15
9788555340048;15
9788565765121;15
9788581630045;15
9788563219138;15
9788576658931;15
9788543101958;15
9788539002948;15
9788539505333;15
9788580570632;15
9788577222421;15
9788575428214;15
9788569514718;15
9788520924822;15
9788580577266;14
9788579801556;14
9788542212334;14
9788575427248;14
9788542804126;14
9788573127539;14
9788598078700;14
9788545202158;14
9788525057532;14
9788580575811;14
9788532512949;14
9788550701448;14
9788535923599;14
9788577223794;14
9788581635675;14
9788576848295;14
9788580410495;13
9788547000202;13
9788543103549;13
9788535930917;13
9788542201390;13
9788576656777;13
9788580572902;13
9788563219268;13
9788551001981;13
9788577224739;13
9788544100127;13
9788565765374;13
9788580571806;13
9788598078946;13
9788543105291;13
9788565530194;13
9788576761730;13
9788575424674;13
9788501092847;13
9788543104379;12
9788582466827;12
9788580574357;12
9788576860761;12
9788538060512;12
9788535245202;12
9788568377086;12
9788542212341;12
9788580444384;12
9788504018028;12
9788580573107;12
9788520924464;12
9788501088710;12
9788580411089;12
9788579303265;12
9788543103020;12
9788532530783;12
9788577342808;12
9788575421826;12
9788542209761;12
9788575424162;12
9788542206340;12
9788532511010;12
9788588350779;12
9788560096930;12
9788577224258;12
9788581637822;12
9788578270698;12
9788584421763;11
9788522009770;11
9788575428948;11
9788598078977;11
9788580578904;11
9788580416343;11
9788539605064;11
9788543101965;11
9788531209567;11
9788574752280;11
9788576654636;11
9788501098504;11
9788582465554;11
9788580576528;11
9788574068176;11
9788580411959;11
9788565765657;11
9788575421499;11
9788522014040;11
9788581303437;11
9788543102641;11
9788579801860;11
9788525050700;11
9788565765947;11
9788542806007;11
9788577222568;11
9788580448405;11
9788516091323;11
9788542212112;11
9788550700601;11
9788576839422;11
9788520932537;11
9788506061350;10
9788547000417;10
9788556510068;10
9788578276874;10
9788580861310;10
9788525061164;10
9788551000861;10
9788520924891;10
9788580578690;10
9788573516814;10
9788560280940;10
9788580572797;10
9788550303628;10
9788584390816;10
9788580441055;10
9788542204018;10
9788546501274;10
9788565765930;10
9788535917383;10
9788580571738;10
9788561501983;10
9788580443769;10
9788539610914;10
9788576842392;10
9788581050164;10
9788575426982;9
9788504018912;9
9788543100975;9
9788525064646;9
9788546500857;9
9788508126651;9
9788582467473;9
9788580418323;9
9788551002834;9
9788544105320;9
9788525053800;9
9788580574210;9
9788535911121;9
9788599296554;9
9788544106433;9
9788561773892;9
9788545201274;9
9788563066251;9
9788551003053;9
9788542207514;9
9788525051356;9
9788535922233;9
9788565530835;9
9788500022975;9
9788565530699;9
9788581635453;9
9788598078595;9
9788575422427;9
9788543101484;8
9788567028514;8
9788598078465;8
9788584390342;8
9788576801009;8
9788545202295;8
9788581631523;8
9788576832478;8
9788576657538;8
9788577220793;8
9788545202660;8
9788575424100;8
9788584390175;8
9788501087140;8
9788580575958;8
9788539001125;8
9788525049315;8
9788542205343;8
8582352115;8
9788578311179;8
9788525057068;8
9788580576467;8
9788543105338;8
9788542212716;8
9788535929041;8
9788580410563;8
9788502067677;8
9788568377024;8
9788579801754;8
9788535925159;8
9788595550117;8
9788522013265;8
9788506061367;8
9788579302893;8
9788501100672;8
9788563219183;8
9788525052407;8
9788547000646;8
9788573128604;8
9788522030217;8
9788545200970;8
9788580442625;8
9788501093882;8
9788580579352;8
9788580574661;7
9788525062710;7
9788501089625;7
9788522031450;7
9788535924701;7
9788582465172;7
9788535928518;7
9788542208436;7
9788535927207;7
9788535921694;7
9788576844778;7
9788582354582;7
9788580579666;7
9788522015979;7
9788542208306;7
9788525061294;7
9788543101873;7
9788501089632;7
8501090999;7
9788555340277;7
9788565530248;7
9788576861409;7
9788563219947;7
9788565530149;7
9788582463291;7
9788577342266;7
9788522012305;7
9788593156052;7
9788535925197;7
9788551002933;7
9788573127362;7
9788538067269;7
9788577342952;7
9788582353998;7
9788501104670;7
9788551002575;7
9788578607654;7
9788538302759;7
9788573280234;7
9788501099341;7
9788580570922;7
9788575420492;7
9788581630465;7
9788582464441;6
9788501404015;6
9788573515473;6
9788565859516;6
9788575429846;6
9788539006236;6
9788595083271;6
9788599296851;6
9788500013423;6
9788575425923;6
9788575428771;6
9788527612661;6
9788573258929;6
9788575427897;6
9788506061138;6
9788579801242;6
9788542209907;6
9788557171336;6
9788522012312;6
9788525050243;6
9788576838234;6
9788502636248;6
9788550702476;6
9788543104928;6
9788501075727;6
9788563066138;6
9788542214369;6
9788545202516;6
9788580572018;6
9788550301020;6
9788576849506;6
9788535926545;6
9788577225132;6
9788535914849;6
9788528622942;6
9788503011044;6
9788543105062;6
9788537809594;6
8580444934;6
9788580417012;6
9788577221530;6
9788589239844;6
9788542213973;6
9788580415445;6
9788576848523;6
9788578310738;6
9788582464755;6
9788545200505;6
9788539004133;6
9788580449730;6
9788576861775;6
9788506061145;6
9788532530240;6
9788522029563;6
9788544107119;6
9788543101750;6
9788542207439;5
9788580575668;5
9788581050737;5
9788525062345;5
9788535918731;5
9788539002979;5
9788579802218;5
9788522014194;5
9788577531912;5
9788535926576;5
9788555340550;5
9788578604004;5
9788543102559;5
9788565765619;5
9788502102507;5
9788501075680;5
9788560096275;5
9788580412918;5
9788539006519;5
9788581742465;5
9788586234019;5
9788575429983;5
9788580572827;5
9788565765329;5
9788563219978;5
9788535913248;5
9788532529442;5
9788501068200;5
9788575426227;5
9788580417340;5
9788581301570;5
9788563066565;5
9788577222025;5
9788580411157;5
9788579305368;5
9788582401057;5
9788576659631;5
9788576659068;5
9788520924310;5
9788535930146;5
9788575427705;5
9788535925661;5
9788577220946;5
9788506064634;5
9788563680167;5
9788543100456;5
9788525062925;5
9788582350409;5
9788501092731;5
9788580579574;5
9788532526076;5
9788576861072;5
9788576656081;5
9788543301303;5
9788542201758;5
9788595084292;5
9788575426852;5
9788542207965;5
9788573285697;5
9788576658085;5
9788545202677;5
9788563066299;5
9788576836186;5
9788575428221;5
9788543102009;5
9788539002542;5
9788580576443;5
9788582466186;5
9788578812812;5
9788524305115;5
9788579302763;5
9788516070052;5
9788533937536;5
9788568377161;5
9788501098344;4
9788577221219;4
9788593156588;4
9788580440232;4
9788579271076;4
9788532645029;4
9788545201755;4
9788576846567;4
9788563219824;4
9788520940624;4
9788528614626;4
9788576865063;4
9788577221837;4
9788584391264;4
9788516082611;4
9788535926101;4
9788543103044;4
9788577222148;4
9788535920932;4
9788580574715;4
9788582350102;4
9788535922554;4
9788580571318;4
9788580570090;4
9788532528735;4
9788525057198;4
9788501097156;4
9788576843993;4
9788573128017;4
9788580415711;4
9788545200208;4
9781409534440;4
9788551004319;4
9788535926095;4
9788525064257;4
9788573129410;4
9788542207972;4
9788576846482;4
9788539004140;4
9781933890708;4
9788579303197;4
9788584390373;4
9788581637495;4
9788501034205;4
9788582462676;4
9788516091354;4
9788502098305;4
9788574066707;4
9788543102221;4
9788527902953;4
9788578277109;4
9788582352076;4
9788578812829;4
9788521316701;4
9788556080394;4
9788501094056;4
9788545201298;4
9788522014071;4
9788580412536;4
9788581630182;4
9788582352557;4
9788580411263;4
9788573129571;4
9788565530606;4
9788580577853;4
9788586307676;4
9788575427279;4
9788516091361;4
9788533941861;4
9788580448788;4
9788542200140;4
9788580446654;4
9788577344307;4
9788542212990;4
9788508147595;4
9788593156663;4
9788520010303;4
9788501099327;4
9788525434616;4
9788581861227;4
9788543105253;4
9788579272196;4
9788580414097;4
9788520920909;4
9788593156724;4
9788580411140;4
9788577221561;4
9788525429308;4
9788580412994;4
9788575425770;4
9788543106502;4
9788501401878;4
9788543105048;4
9788575429051;4
9788532503299;4
9788595080461;4
9788542201628;4
9788502133181;4
9788576846505;4
9788537818008;4
9788582350133;4
9788542807516;4
9780857623959;4
9788525054296;4
9788593156281;4
9788522031443;4
9788551000724;4
9788539004744;4
9788520010846;4
9788547214203;4
9788584390847;4
9788595083066;4
9788503009492;4
9788557170216;4
9788535919349;4
9788580412932;3
9788571107953;3
9788579623820;3
9781409593843;3
9788535923049;3
9788542202274;3
9788532527998;3
9783836542630;3
9788535928013;3
9788564431010;3
9788568014004;3
9788568377109;3
9788575426456;3
9788556080257;3
9788547203665;3
9788539500987;3
9788535927429;3
9788578311568;3
9788576655299;3
9788501105165;3
9788575428672;3
9788595081505;3
9788502123854;3
9788581630083;3
9788582850121;3
9788598078892;3
9788522029570;3
9788535922875;3
9788593156243;3
9462446660;3
9781338099133;3
9788501067319;3
9788580576290;3
9788520926659;3
9788501095749;3
9788539002085;3
9788525061768;3
9788542801255;3
9788537801550;3
9788577486892;3
9788580414400;3
9788598078984;3
9788537805190;3
9788531613494;3
9788579801020;3
9788532529787;3
9788538303527;3
9788539002191;3
9788580449907;3
9788576752035;3
9788545201052;3
9788562936173;3
9788501112934;3
9788573127973;3
9788576865803;3
9788528617054;3
9788576864752;3
9788563560902;3
9788502627871;3
9788576846635;3
9788576268994;3
9788538303725;3
9788532530615;3
9788501104533;3
9788579305290;3
9788528617931;3
9788573129861;3
9788575427880;3
9788580442595;3
9788539007127;3
9788580412628;3
9788525062499;3
9788535921700;3
9788593156823;3
9788599296936;3
9788580579130;3
9788550302478;3
9788501089649;3
9788551001349;3
9788525057525;3
9788582401545;3
9788576849193;3
9788501089656;3
9788598254036;3
9788580414851;3
9788575422656;3
9788599362679;3
9788577225514;3
9788563219817;3
9788582402290;3
9788532515704;3
9788532528247;3
9788580570137;3
9788580410112;3
9788545200925;3
9788582353110;3
9788578130480;3
9788580575705;3
9788535926521;3
9788581051406;3
9788521315827;3
9788582400784;3
7898923244549;3
9788580576214;3
9788501106193;3
9788543103754;3
9788581638416;3
9788580576481;3
9788580410891;3
9788525427441;3
9788580417739;3
9788576861416;3
9788573129731;3
9788522029778;3
9788577222056;3
9788580418750;3
9788502625174;3
9788551001738;3
9788580412406;3
9788563219145;3
9788535238693;3
9788593156076;3
9788575426166;3
9788524925481;3
9788576862239;3
9788576863250;3
9788535924664;3
9788579309915;3
9788580411850;3
9781848574953;3
9788501101204;3
9788542207507;3
9788574068268;3
9788580570120;3
9788520932612;3
9788556510235;3
9788551000687;3
9788535925470;3
9788501401359;3
9788575593578;3
9788525437358;3
9788575427699;3
9788576659792;3
9788584390809;3
9788542213683;3
9788520933107;3
9788542809473;3
9788581743288;3
9788543101316;3
9788538068099;3
9788581638492;3
9788500026492;3
9788576769514;3
9788543102429;3
9788580573176;3
9788580415735;3
9788543104126;3
9788582467541;3
9788568014660;3
9788562409387;3
9788578311155;3
9788522031696;3
9788577222254;3
8575426192;3
9788580578553;3
9788565530316;3
9788576795025;3
9788539002641;3
9788576862550;3
9788551002797;3
9788563201102;3
9788525052261;3
9788577221011;3
9788545200574;2
9788539502554;2
9788551000700;2
9788538303756;2
9788545202882;2
9788522014057;2
9788581638645;2
9788520925140;2
9788584680405;2
9788577342259;2
9788563066893;2
9788532529497;2
9788580416565;2
9788525065599;2
9788598903972;2
9788543103341;2
9788522012152;2
9788550800851;2
9788501090638;2
9788579800719;2
9788535251319;2
9788550300214;2
9788501403957;2
9788547222628;2
9788544104743;2
9788539003822;2
9788525066657;2
9788563066169;2
9788501083708;2
9788580573596;2
9788539002597;2
9788535924435;2
9788576843436;2
9788573413830;2
9788501052766;2
9781409561651;2
9788564065178;2
9788522031559;2
9788580570601;2
9788506066195;2
9788580412475;2
9788502616592;2
9788579272233;2
9788545201625;2
9788527731393;2
9788501400000;2
9788551002384;2
9788579620676;2
9788533937543;2
9788532528742;2
9788516095857;2
9788525048400;2
9788580416992;2
9788576770985;2
9788576849513;2
9788525053459;2
9788588948143;2
9788501102010;2
9788567028972;2
9788506064436;2
9788528617801;2
9788560174980;2
9788542211412;2
9788573126952;2
9788576085508;2
9788525050694;2
9788561773922;2
9788581052151;2
9788535925074;2
2000464007483;2
9788580579727;2
9788578880873;2
9788584390007;2
9788572443906;2
9788580411614;2
9788578311247;2
9788525060600;2
9788573129533;2
9788580577228;2
8535925023;2
9788565383202;2
9788522031528;2
9788580418637;2
9788524925238;2
9788582761380;2
9788581301518;2
9788533942868;2
9788539608027;2
9788580579154;2
9788581742731;2
9788580579703;2
9788580576108;2
9788580416374;2
9788525048578;2
9788580413847;2
9788501401007;2
9788565530866;2
9788577154098;2
9788580575569;2
9788539004867;2
9788535929935;2
9788532646552;2
9788539002931;2
9788580415636;2
9788565530569;2
9788525065889;2
9788576864608;2
9788584391165;2
9788502163164;2
9788543105895;2
9788545201403;2
9788580446425;2
9788575426241;2
9788580573053;2
9788581030661;2
9788535219081;2
9788545201229;2
9788538069546;2
9788563680280;2
9788578276225;2
9788545201359;2
9788582780190;2
9788577343935;2
9788573126150;2
9788565530705;2
9788576617525;2
9788532527523;2
9788501099204;2
9788555461057;2
9788539006229;2
9788580414233;2
9788545200536;2
9788576802730;2
9788538067047;2
9788535918298;2
9788539004621;2
9788501301536;2
9788545200949;2
9788573129083;2
9788575426685;2
9788535924688;2
9788539503414;2
9788576865445;2
9788555460968;2
9788575427583;2
9788564684591;2
9788535236309;2
9788537802748;2
9788533954441;2
9788579624162;2
9788581051222;2
9788000003917;2
9788574751887;2
