ReferenceDate,BookCode,CategoryCode,AverageRating,CountRating,idReadingFact,RankingNumber,RankingVolume
201607,9789461956507,0,5.00,1,1,15,2743
201607,9789461956507,0,0.00,0,2,15,2743
201202,9788599905487,0,0.00,0,3,13,1792
201201,9788599905487,0,0.00,0,4,19,1373
201009,9788599818084,0,0.00,0,5,18,516
201010,9788599818084,0,0.00,0,6,19,476
201204,9788599560532,0,0.00,0,7,16,1801
201205,9788599560532,0,0.00,0,8,12,3822
201104,9788599560518,0,0.00,0,9,14,1824
201105,9788599560518,0,0.00,0,10,12,2493
201011,9788599296851,0,0.00,0,11,5,4549
201010,9788599296851,0,0.00,0,12,6,4628
201012,9788599296851,0,0.00,0,13,11,9120
201101,9788599296851,0,0.00,0,14,18,1847
201011,9788599296851,1,0.00,0,15,11,4549
201010,9788599296851,1,0.00,0,16,16,4628
201011,9788599296554,1,0.00,0,17,10,2790
201010,9788599296554,1,0.00,0,18,9,3482
201106,9788599296554,1,0.00,0,19,14,3294
201012,9788599296554,1,0.00,0,20,10,9655
201107,9788599296554,1,0.00,0,21,15,2281
201101,9788599296554,1,0.00,0,22,13,3297
201102,9788599296554,1,0.00,0,23,11,2193
201103,9788599296554,1,0.00,0,24,19,1305
201009,9788599296554,1,0.00,0,25,6,2753
201110,9788599296363,1,0.00,0,26,3,6454
201010,9788599296363,1,0.00,0,27,2,10695
201012,9788599296363,1,0.00,0,28,1,30195
201103,9788599296363,1,0.00,0,29,2,10344
201106,9788599296363,1,0.00,0,30,4,8670
201211,9788599296363,1,0.00,0,31,19,1592
201210,9788599296363,1,0.00,0,32,13,3632
201111,9788599296363,1,0.00,0,33,7,7955
201104,9788599296363,1,0.00,0,34,5,8055
201107,9788599296363,1,0.00,0,35,6,6764
201109,9788599296363,1,0.00,0,36,7,7664
201101,9788599296363,1,0.00,0,37,2,12298
201108,9788599296363,1,0.00,0,38,2,9077
201105,9788599296363,1,0.00,0,39,8,8290
201110,9788599296363,1,0.00,0,40,7,6454
201103,9788599296363,1,0.00,0,41,1,10344
201102,9788599296363,1,0.00,0,42,1,8852
201112,9788599296363,1,0.00,0,43,12,11017
201009,9788599296363,1,0.00,0,44,5,8792
201201,9788599296363,1,0.00,0,45,9,6260
201209,9788599296363,1,0.00,0,46,17,1778
201207,9788599296363,1,0.00,0,47,13,3981
201202,9788599296363,1,0.00,0,48,10,5178
201203,9788599296363,1,0.00,0,49,13,3918
201208,9788599296363,1,0.00,0,50,14,3110
201302,9788599296363,1,0.00,0,51,16,3453
201109,9788599296363,1,0.00,0,52,4,7664
201104,9788599296363,1,0.00,0,53,1,8055
201105,9788599296363,1,0.00,0,54,3,8290
201009,9788599296363,1,0.00,0,55,2,8792
201204,9788599296363,1,0.00,0,56,11,2448
201011,9788599296363,1,0.00,0,57,5,9742
201301,9788599296363,1,0.00,0,58,12,2734
201501,9788599296363,1,0.00,0,59,19,1147
201012,9788599296363,1,0.00,0,60,4,30195
201205,9788599296363,1,0.00,0,61,15,2611
201106,9788599296363,1,0.00,0,62,8,8670
201101,9788599296363,1,0.00,0,63,4,12298
201010,9788599296363,1,0.00,0,64,6,10695
201107,9788599296363,1,0.00,0,65,9,6764
201212,9788599296363,1,0.00,0,66,13,8323
201111,9788599296363,1,0.00,0,67,14,7955
201011,9788599296363,1,0.00,0,68,2,9742
201108,9788599296363,1,0.00,0,69,6,9077
201102,9788599296363,1,0.00,0,70,2,8852
201106,9788599296158,1,0.00,0,71,3,11927
201108,9788599296158,1,0.00,0,72,11,7718
201110,9788599296158,1,0.00,0,73,5,4617
201105,9788599296158,1,0.00,0,74,2,13278
201107,9788599296158,1,0.00,0,75,3,8965
201109,9788599296158,1,0.00,0,76,12,5984
201108,9788599296158,1,0.00,0,77,4,7718
201111,9788599296158,1,0.00,0,78,14,5272
201104,9788599296158,1,0.00,0,79,12,5724
201112,9788599296158,1,0.00,0,80,16,6061
201105,9788599296158,1,0.00,0,81,1,13278
201201,9788599296158,1,0.00,0,82,17,3380
201109,9788599296158,1,0.00,0,83,6,5984
201104,9788599296158,1,0.00,0,84,5,5724
201106,9788599296158,1,0.00,0,85,5,11927
201103,9788599296158,1,0.00,0,86,18,1779
201107,9788599296158,1,0.00,0,87,4,8965
201110,9788599296158,1,0.00,0,88,17,4617
201102,9788598254036,1,0.00,0,89,19,317
201109,9788598254036,1,0.00,0,90,19,501
201101,9788598254036,1,0.00,0,91,16,269
201101,9788598078946,5,0.00,0,92,16,5024
201011,9788598078946,5,0.00,0,93,2,2709
201010,9788598078946,5,0.00,0,94,5,919
201012,9788598078946,5,0.00,0,95,1,13454
201105,9788598078946,5,0.00,0,96,9,995
201106,9788598078946,5,0.00,0,97,8,1345
201101,9788598078946,5,0.00,0,98,1,5024
201102,9788598078946,5,0.00,0,99,4,2943
201209,9788598078946,5,0.00,0,100,18,644
201103,9788598078946,5,0.00,0,101,3,3360
201104,9788598078946,5,0.00,0,102,4,1679
201107,9788598078946,5,0.00,0,103,17,496
201012,9788598078946,5,0.00,0,104,14,13454
201010,9788598078939,5,0.00,0,105,10,3098
201011,9788598078939,5,0.00,0,106,14,2428
201010,9788598078588,5,0.00,0,107,10,3195
201310,9788598078588,5,0.00,0,108,19,1688
201012,9788598078588,5,0.00,0,109,11,3922
201312,9788598078588,5,0.00,0,110,15,3781
201101,9788598078588,5,0.00,0,111,6,3379
201309,9788598078588,5,0.00,0,112,11,2032
201107,9788598078588,5,0.00,0,113,13,1433
201102,9788598078588,5,0.00,0,114,12,1489
201103,9788598078588,5,0.00,0,115,16,1415
201207,9788598078588,5,0.00,0,116,18,1397
201009,9788598078588,5,0.00,0,117,9,2467
201108,9788598078588,5,0.00,0,118,11,2337
201308,9788598078588,5,0.00,0,119,12,1982
201109,9788598078588,5,0.00,0,120,12,1731
201403,9788598078588,5,0.00,0,121,14,2491
201401,9788598078588,5,0.00,0,122,11,4270
201011,9788598078588,5,0.00,0,123,9,2360
201402,9788598078588,5,0.00,0,124,10,3010
201101,9788598078465,1,0.00,0,125,17,4306
201011,9788598078465,1,0.00,0,126,11,2693
201010,9788598078465,1,0.00,0,127,12,2521
201012,9788598078465,1,0.00,0,128,16,6259
201101,9788598078465,1,0.00,0,129,8,4306
201112,9788598078465,1,0.00,0,130,15,6087
201102,9788598078465,1,0.00,0,131,14,1746
201009,9788598078465,1,0.00,0,132,7,2386
201010,9788598078397,4,0.00,0,133,18,4569
201012,9788598078397,4,0.00,0,134,3,9037
201303,9788598078397,4,0.00,0,135,8,2001
201105,9788598078397,4,0.00,0,136,9,1195
201312,9788598078397,4,0.00,0,137,7,9360
201110,9788598078397,4,0.00,0,138,12,1464
201309,9788598078397,4,0.00,0,139,1,5441
201106,9788598078397,4,0.00,0,140,13,1301
201305,9788598078397,4,0.00,0,141,15,2009
201405,9788598078397,4,0.00,0,142,17,1510
201307,9788598078397,4,0.00,0,143,7,4454
201101,9788598078397,4,0.00,0,144,3,3905
201111,9788598078397,4,0.00,0,145,14,1323
201107,9788598078397,4,0.00,0,146,8,2089
201102,9788598078397,4,0.00,0,147,3,2968
201112,9788598078397,4,0.00,0,148,8,4016
201201,9788598078397,4,0.00,0,149,12,1467
201103,9788598078397,4,0.00,0,150,6,2272
201202,9788598078397,4,0.00,0,151,8,1681
201301,9788598078397,4,0.00,0,152,16,2318
201311,9788598078397,4,0.00,0,153,8,3999
201009,9788598078397,4,0.00,0,154,12,3835
201206,9788598078397,4,0.00,0,155,17,1415
201009,9788598078397,4,0.00,0,156,2,3835
201207,9788598078397,4,0.00,0,157,13,2659
201108,9788598078397,4,0.00,0,158,6,2833
201308,9788598078397,4,0.00,0,159,3,4616
201104,9788598078397,4,0.00,0,160,16,886
201404,9788598078397,4,0.00,0,161,11,3533
201208,9788598078397,4,0.00,0,162,16,1248
201403,9788598078397,4,0.00,0,163,7,4155
201109,9788598078397,4,0.00,0,164,9,2282
201204,9788598078397,4,0.00,0,165,16,1026
201203,9788598078397,4,0.00,0,166,13,1170
201306,9788598078397,4,0.00,0,167,12,2771
201304,9788598078397,4,0.00,0,168,10,1533
201401,9788598078397,4,0.00,0,169,7,7121
201310,9788598078397,4,0.00,0,170,5,5833
201402,9788598078397,4,0.00,0,171,4,4885
201010,9788598078397,4,0.00,0,172,4,4569
201302,9788598078397,4,0.00,0,173,9,1942
201011,9788598078397,4,0.00,0,174,11,2201
201406,9788598078175,4,0.00,0,175,4,10815
201405,9788598078175,1,0.00,0,176,10,11425
201410,9788598078175,1,0.00,0,177,9,3774
201310,9788598078175,1,0.00,0,178,19,1914
201404,9788598078175,1,0.00,0,179,6,14354
201402,9788598078175,1,0.00,0,180,3,21145
201405,9788598078175,1,0.00,0,181,2,11425
201312,9788598078175,1,0.00,0,182,14,6588
201107,9788598078175,1,0.00,0,183,17,1994
201404,9788598078175,1,0.00,0,184,2,14354
201409,9788598078175,1,0.00,0,185,7,4890
201403,9788598078175,1,0.00,0,186,4,17685
201412,9788598078175,1,0.00,0,187,9,7762
201407,9788598078175,1,0.00,0,188,12,12085
201501,9788598078175,1,0.00,0,189,10,3759
201408,9788598078175,1,0.00,0,190,17,7013
201402,9788598078175,1,0.00,0,191,2,21145
201408,9788598078175,1,0.00,0,192,7,7013
201407,9788598078175,1,0.00,0,193,6,12085
201108,9788598078175,1,0.00,0,194,19,1009
201403,9788598078175,1,0.00,0,195,2,17685
201411,9788598078175,1,0.00,0,196,13,2863
201406,9788598078175,1,0.00,0,197,9,10815
201401,9788598078175,1,0.00,0,198,18,12801
201009,9788598078175,1,0.00,0,199,19,696
201401,9788598078175,1,0.00,0,200,8,12801
201502,9788598078175,1,0.00,0,201,9,3686
201807,9788595810341,1,0.00,0,202,16,2406
201808,9788595810341,1,0.00,0,203,18,2949
201809,9788595083653,1,0.00,0,204,15,1960
201902,9788595083271,1,0.00,0,205,5,5909
201903,9788595083271,1,0.00,0,206,5,8567
201812,9788595083271,1,0.00,0,207,8,3142
201903,9788595083271,5,0.00,0,208,9,8567
201902,9788595083271,5,0.00,0,209,16,5909
201901,9788595083271,5,0.00,0,210,6,4785
201808,9788595083066,5,0.00,0,211,14,2581
201810,9788595083066,5,0.00,0,212,17,1513
201806,9788595083066,5,0.00,0,213,11,2999
201807,9788595083066,5,0.00,0,214,9,3553
201903,9788595081512,5,0.00,0,215,19,899
201709,9788595081505,5,0.00,0,216,11,2607
201708,9788595081505,5,0.00,0,217,15,1334
201710,9788595081505,5,0.00,0,218,18,1267
201706,9788595080461,5,0.00,0,219,10,2891
201704,9788595080461,5,0.00,0,220,5,3251
201705,9788595080461,5,0.00,0,221,10,2623
201707,9788595080461,5,0.00,0,222,16,1544
201709,9788594550316,5,0.00,0,223,18,1093
201704,9788594540270,5,0.00,0,224,14,1708
201611,9788594540164,5,0.00,0,225,9,3239
201610,9788594540164,5,0.00,0,226,14,1661
201806,9788593828621,5,0.00,0,227,11,2374
201807,9788593828621,5,0.00,0,228,14,2246
201709,9788593828126,5,0.00,0,229,12,2055
201903,9788593156823,5,0.00,0,230,5,6513
201902,9788593156823,5,0.00,0,231,12,2327
201903,9788593156823,2,0.00,0,232,16,6513
201901,9788593156724,2,0.00,0,233,7,2603
201812,9788593156724,2,0.00,0,234,9,3021
201903,9788593156724,2,0.00,0,235,18,2267
201811,9788593156724,2,0.00,0,236,13,3249
201811,9788593156663,2,0.00,0,237,4,13448
201810,9788593156663,2,0.00,0,238,4,11421
201810,9788593156663,5,0.00,0,239,8,11421
201811,9788593156663,5,0.00,0,240,7,13448
201805,9788593156533,5,0.00,0,241,6,3048
201903,9788593156526,5,0.00,0,242,14,2476
201802,9788593156342,5,0.00,0,243,13,2291
201712,9788593156335,5,0.00,0,244,15,1743
201711,9788593156335,5,0.00,0,245,9,2313
201712,9788593156304,5,0.00,0,246,19,2920
201806,9788593156281,5,0.00,0,247,4,12009
201712,9788593156281,5,0.00,0,248,11,5559
201806,9788593156281,2,0.00,0,249,10,12009
201804,9788593156281,2,0.00,0,250,9,5637
201710,9788593156243,2,0.00,0,251,9,2594
201711,9788593156243,2,0.00,0,252,8,2756
201712,9788593156243,2,0.00,0,253,5,5788
201705,9788593156182,2,0.00,0,254,14,2082
201705,9788589987332,2,0.00,0,255,19,725
201304,9788589829311,2,0.00,0,256,17,1223
201303,9788589239844,2,5.00,4,257,13,1335
201209,9788589239844,2,5.00,4,258,18,745
201301,9788589239844,2,5.00,4,259,15,2541
201206,9788589239844,2,5.00,4,260,19,540
201212,9788589239844,2,5.00,4,261,14,3456
201302,9788589239844,2,5.00,4,262,11,1775
201302,9788589239394,2,0.00,0,263,19,570
201209,9788588329720,2,0.00,0,264,4,2988
201312,9788588329720,2,0.00,0,265,14,856
201205,9788586889981,2,0.00,0,266,18,1091
201608,9788586307676,2,0.00,0,267,13,2930
201609,9788586307676,2,0.00,0,268,15,2947
201607,9788586307676,2,0.00,0,269,4,8335
201606,9788586307676,2,0.00,0,270,15,2416
201105,9788586307447,2,0.00,0,271,19,1274
201306,9788586234019,2,0.00,0,272,19,488
201302,9788586234019,2,0.00,0,273,14,633
201307,9788586234019,2,0.00,0,274,10,1099
201301,9788586234019,2,0.00,0,275,18,664
201311,9788586234019,2,0.00,0,276,15,465
201606,9788584680405,2,0.00,0,277,17,1653
201607,9788584680405,2,0.00,0,278,19,1695
201704,9788584421992,2,0.00,0,279,13,1790
201704,9788584421763,2,0.00,0,280,14,1953
201707,9788584421763,2,0.00,0,281,15,1423
201710,9788584421763,2,0.00,0,282,16,783
201801,9788584421763,2,0.00,0,283,11,3589
201803,9788584421763,2,0.00,0,284,15,3270
201706,9788584421763,2,0.00,0,285,15,3067
201712,9788584421763,2,0.00,0,286,14,4436
201805,9788584421763,2,0.00,0,287,18,1708
201708,9788584421763,2,0.00,0,288,15,2287
201802,9788584421763,2,0.00,0,289,12,2370
201804,9788584421763,2,0.00,0,290,16,2483
201901,9788584391264,2,0.00,0,291,19,1244
201810,9788584391264,2,0.00,0,292,3,6174
201809,9788584391264,2,0.00,0,293,13,2189
201811,9788584391264,2,0.00,0,294,13,2576
201710,9788584390847,2,0.00,0,295,10,2159
201711,9788584390847,2,0.00,0,296,17,1409
201709,9788584390847,2,0.00,0,297,9,4329
201712,9788584390847,2,0.00,0,298,18,2957
201709,9788584390816,2,0.00,0,299,15,1698
201806,9788584390816,2,0.00,0,300,16,2869
201805,9788584390816,2,0.00,0,301,17,2848
201804,9788584390816,2,0.00,0,302,12,5022
201802,9788584390816,2,0.00,0,303,8,6611
201710,9788584390816,2,0.00,0,304,7,4119
201801,9788584390816,2,0.00,0,305,8,6096
201711,9788584390816,2,0.00,0,306,10,3357
201803,9788584390816,2,0.00,0,307,8,11047
201712,9788584390816,2,0.00,0,308,7,11872
201611,9788584390373,2,0.00,0,309,9,4614
201610,9788584390373,2,0.00,0,310,7,5415
201609,9788584390373,2,0.00,0,311,12,3131
201612,9788584390373,2,0.00,0,312,12,6111
201701,9788584390342,2,0.00,0,313,7,4596
201609,9788584390342,3,0.00,0,314,2,31547
201611,9788584390342,3,0.00,0,315,15,7266
201610,9788584390342,3,0.00,0,316,3,14802
201611,9788584390342,3,0.00,0,317,3,7266
201609,9788584390342,3,0.00,0,318,1,31547
201610,9788584390342,3,0.00,0,319,1,14802
201612,9788584390342,3,0.00,0,320,6,9847
201606,9788584390250,3,0.00,0,321,9,4025
201604,9788584390205,3,0.00,0,322,16,2243
201608,9788584390175,3,0.00,0,323,10,4181
201606,9788584390175,1,0.00,0,324,13,9888
201605,9788584390175,1,0.00,0,325,10,13462
201607,9788584390175,1,0.00,0,326,7,9381
201604,9788584390175,1,0.00,0,327,6,21448
201606,9788584390175,1,0.00,0,328,4,9888
201605,9788584390175,1,0.00,0,329,3,13462
201604,9788584390175,1,0.00,0,330,3,21448
201509,9788584390069,1,0.00,0,331,12,2551
201508,9788584390069,1,0.00,0,332,14,1640
201510,9788584390007,1,0.00,0,333,14,2333
201511,9788584390007,1,0.00,0,334,15,1495
201612,9788584190461,1,0.00,0,335,16,3118
201411,9788582890868,1,0.00,0,336,16,1556
201709,9788582864104,1,0.00,0,337,19,1075
201708,9788582864104,1,0.00,0,338,14,1412
201707,9788582850510,1,0.00,0,339,16,639
201612,9788582850435,1,0.00,0,340,15,3711
201606,9788582850305,1,0.00,0,341,18,561
201609,9788582850121,1,0.00,0,342,9,1476
201610,9788582850121,1,0.00,0,343,2,2948
201611,9788582850121,1,0.00,0,344,6,1130
201411,9788582850008,1,0.00,0,345,18,531
201410,9788582850008,1,0.00,0,346,7,2016
201812,9788582781555,1,0.00,0,347,8,3775
201903,9788582781524,1,0.00,0,348,19,2167
201805,9788582781234,1,0.00,0,349,8,6000
201811,9788582781067,2,0.00,0,350,11,10186
201804,9788582781067,2,0.00,0,351,4,28238
201803,9788582781067,2,0.00,0,352,2,32461
201806,9788582781067,2,0.00,0,353,3,15566
201803,9788582781067,2,0.00,0,354,2,32461
201805,9788582781067,2,0.00,0,355,3,17341
201807,9788582781067,2,0.00,0,356,3,17428
201807,9788582781067,2,0.00,0,357,4,17428
201810,9788582781067,2,0.00,0,358,4,7290
201812,9788582781067,2,0.00,0,359,10,2738
201808,9788582781067,2,0.00,0,360,3,15147
201806,9788582781067,2,0.00,0,361,5,15566
201808,9788582781067,2,0.00,0,362,9,15147
201804,9788582781067,2,0.00,0,363,2,28238
201811,9788582781067,2,0.00,0,364,3,10186
201809,9788582781067,2,0.00,0,365,19,2175
201810,9788582781067,2,0.00,0,366,19,7290
201805,9788582781067,2,0.00,0,367,4,17341
201705,9788582780947,2,0.00,0,368,1,15630
201707,9788582780947,2,0.00,0,369,1,13500
201703,9788582780947,2,0.00,0,370,1,24174
201711,9788582780947,2,0.00,0,371,2,7822
201801,9788582780947,2,0.00,0,372,6,6923
201705,9788582780947,2,0.00,0,373,1,15630
201706,9788582780947,2,0.00,0,374,1,23530
201803,9788582780947,2,0.00,0,375,10,5806
201710,9788582780947,2,0.00,0,376,16,5735
201709,9788582780947,2,0.00,0,377,2,10564
201711,9788582780947,2,0.00,0,378,8,7822
201712,9788582780947,2,0.00,0,379,9,6568
201709,9788582780947,2,0.00,0,380,5,10564
201708,9788582780947,2,0.00,0,381,2,10327
201706,9788582780947,2,0.00,0,382,1,23530
201704,9788582780947,2,0.00,0,383,1,20306
201802,9788582780947,2,0.00,0,384,8,4390
201708,9788582780947,2,0.00,0,385,5,10327
201704,9788582780947,2,0.00,0,386,1,20306
201707,9788582780947,2,0.00,0,387,1,13500
201710,9788582780947,2,0.00,0,388,6,5735
201703,9788582780947,2,0.00,0,389,1,24174
201512,9788582780312,2,0.00,0,390,16,3001
201601,9788582780190,2,0.00,0,391,16,2254
201512,9788582780190,2,0.00,0,392,12,4652
201510,9788582761380,2,0.00,0,393,17,532
201509,9788582761380,2,0.00,0,394,16,787
201403,9788582760284,2,0.00,0,395,19,368
201807,9788582467541,2,0.00,0,396,6,4185
201810,9788582467541,2,0.00,0,397,18,1894
201808,9788582467541,2,0.00,0,398,18,1912
201806,9788582467473,2,0.00,0,399,15,2689
201812,9788582467473,2,0.00,0,400,12,2716
201809,9788582467473,2,0.00,0,401,10,3316
201810,9788582467473,2,0.00,0,402,11,3529
201811,9788582467473,2,0.00,0,403,12,2199
201901,9788582467473,2,0.00,0,404,11,1836
201807,9788582467473,2,0.00,0,405,5,4902
201808,9788582467473,2,0.00,0,406,5,5156
201902,9788582467473,2,0.00,0,407,17,946
201810,9788582466827,2,0.00,0,408,10,3702
201903,9788582466827,2,0.00,0,409,13,2080
201804,9788582466827,2,0.00,0,410,12,2545
201811,9788582466827,2,0.00,0,411,11,2752
201901,9788582466827,2,0.00,0,412,9,2699
201806,9788582466827,2,0.00,0,413,5,5975
201902,9788582466827,2,0.00,0,414,11,1954
201805,9788582466827,2,0.00,0,415,7,5463
201807,9788582466827,2,0.00,0,416,4,5260
201808,9788582466827,2,0.00,0,417,4,5203
201812,9788582466827,2,0.00,0,418,11,3086
201809,9788582466827,2,0.00,0,419,9,3987
201803,9788582466407,2,0.00,0,420,14,2742
201805,9788582466360,2,0.00,0,421,17,1339
201802,9788582466186,2,0.00,0,422,15,2120
201804,9788582466186,2,0.00,0,423,11,2722
201801,9788582466186,2,0.00,0,424,13,2004
201803,9788582466186,2,0.00,0,425,10,3782
201712,9788582466186,2,0.00,0,426,4,12282
201704,9788582464755,2,0.00,0,427,3,4717
201707,9788582464755,2,0.00,0,428,5,4048
201705,9788582464755,2,0.00,0,429,3,3945
201710,9788582464755,2,0.00,0,430,14,2038
201706,9788582464755,2,0.00,0,431,4,5126
201708,9788582464755,2,0.00,0,432,8,3018
201612,9788582464441,2,0.00,0,433,5,12862
201701,9788582464441,2,0.00,0,434,10,3963
201710,9788582464441,2,0.00,0,435,17,1851
201612,9788582464441,4,0.00,0,436,17,12862
201611,9788582464441,4,0.00,0,437,13,1567
201702,9788582464441,4,0.00,0,438,6,3071
201606,9788582463291,4,0.00,0,439,7,7344
201605,9788582463291,4,0.00,0,440,18,8310
201605,9788582463291,4,0.00,0,441,8,8310
201604,9788582463291,4,0.00,0,442,9,5882
201608,9788582463291,4,0.00,0,443,19,1459
201607,9788582463291,4,0.00,0,444,10,5281
201609,9788582463291,4,0.00,0,445,16,1954
201511,9788582402788,4,0.00,0,446,19,1180
201704,9788582402603,4,0.00,0,447,15,1710
201605,9788582402603,4,0.00,0,448,9,6121
201604,9788582402603,4,0.00,0,449,7,10344
201703,9788582402603,4,0.00,0,450,15,3154
201601,9788582402603,4,0.00,0,451,8,10102
201610,9788582402603,4,0.00,0,452,15,1531
201603,9788582402603,4,0.00,0,453,7,7200
201604,9788582402603,2,0.00,0,454,17,10344
201608,9788582402603,2,0.00,0,455,14,2098
201609,9788582402603,2,0.00,0,456,9,4425
201511,9788582402603,2,0.00,0,457,9,5692
201512,9788582402603,2,0.00,0,458,7,12387
201701,9788582402603,2,0.00,0,459,13,2836
201607,9788582402603,2,0.00,0,460,13,4748
201602,9788582402603,2,0.00,0,461,9,6978
201702,9788582402603,2,0.00,0,462,14,2013
201612,9788582402603,2,0.00,0,463,15,4596
201606,9788582402603,2,0.00,0,464,8,6462
201508,9788582401927,2,0.00,0,465,18,1159
201503,9788582401767,2,0.00,0,466,12,1135
201501,9788582401545,2,0.00,0,467,11,2732
201412,9788582401545,2,0.00,0,468,7,8807
201411,9788582401545,2,0.00,0,469,14,1953
201311,9788582400586,2,0.00,0,470,16,2120
201702,9788582353998,2,0.00,0,471,16,1630
201612,9788582353998,2,0.00,0,472,7,9962
201701,9788582353998,2,0.00,0,473,6,5275
201610,9788582353998,4,0.00,0,474,8,8199
201610,9788582353998,4,0.00,0,475,3,8199
201611,9788582353998,4,0.00,0,476,6,4914
201609,9788582353998,4,0.00,0,477,6,7285
201509,9788582353110,4,0.00,0,478,3,12609
201512,9788582353110,4,0.00,0,479,9,11880
201509,9788582353110,4,0.00,0,480,9,12609
201501,9788582352076,4,0.00,0,481,17,1569
201411,9788582352076,4,0.00,0,482,5,3874
201412,9788582352076,4,0.00,0,483,16,2401
201502,9788582352076,4,0.00,0,484,17,1256
201303,9788582350133,4,0.00,0,485,15,1118
201301,9788582350133,4,0.00,0,486,17,2037
201212,9788582350133,4,0.00,0,487,16,3342
201302,9788582350133,4,0.00,0,488,13,1444
201505,9788582350102,4,0.00,0,489,6,14154
201807,9788582350102,4,0.00,0,490,11,3409
201702,9788582350102,4,0.00,0,491,16,1083
201505,9788582350102,3,0.00,0,492,9,14154
201605,9788582302422,3,0.00,0,493,9,3512
201604,9788582302422,3,0.00,0,494,5,7045
201705,9788581743547,3,0.00,0,495,16,654
201608,9788581743288,3,0.00,0,496,8,4906
201609,9788581743288,3,0.00,0,497,19,1271
201607,9788581743288,3,0.00,0,498,11,5317
201408,9788581741826,3,0.00,0,499,14,1667
201512,9788581637495,3,0.00,0,500,16,2438
201509,9788581637495,3,0.00,0,501,14,2286
201508,9788581637495,3,0.00,0,502,15,1571
201511,9788581637495,3,0.00,0,503,17,1461
201411,9788581635958,3,0.00,0,504,15,1607
201410,9788581635675,3,0.00,0,505,3,15625
201506,9788581635675,3,0.00,0,506,4,7106
201501,9788581635675,1,0.00,0,507,5,15137
201412,9788581635675,1,0.00,0,508,7,29876
201411,9788581635675,1,0.00,0,509,6,14645
201501,9788581635675,1,0.00,0,510,2,15137
201503,9788581635675,1,0.00,0,511,6,9325
201412,9788581635675,1,0.00,0,512,4,29876
201507,9788581635675,1,0.00,0,513,9,3462
201411,9788581635675,1,0.00,0,514,3,14645
201505,9788581635675,1,0.00,0,515,4,7871
201502,9788581635675,1,0.00,0,516,3,12543
201504,9788581635675,1,0.00,0,517,2,8479
201410,9788581635675,1,0.00,0,518,10,15625
201407,9788581635064,1,0.00,0,519,15,3020
201405,9788581634210,1,0.00,0,520,12,2804
201402,9788581633640,1,0.00,0,521,19,1203
201403,9788581632520,1,0.00,0,522,9,4900
201307,9788581632216,1,0.00,0,523,14,4920
201312,9788581630465,1,0.00,0,524,18,2394
201307,9788581630465,1,0.00,0,525,11,2942
201403,9788581630465,1,0.00,0,526,19,633
201306,9788581630465,1,0.00,0,527,14,999
201401,9788581630465,1,0.00,0,528,15,1787
201402,9788581630465,1,0.00,0,529,16,970
201310,9788581630465,1,0.00,0,530,18,978
201405,9788581630359,1,0.00,0,531,14,2183
201207,9788581630182,1,0.00,0,532,16,5206
201206,9788581630182,1,0.00,0,533,10,6078
201207,9788581630182,1,0.00,0,534,9,5206
201206,9788581630182,1,0.00,0,535,6,6078
201308,9788581630083,1,0.00,0,536,9,4727
201401,9788581630083,1,0.00,0,537,18,2457
201307,9788581630083,1,0.00,0,538,8,3405
201401,9788581630045,1,0.00,0,539,15,5233
201210,9788581630045,1,0.00,0,540,4,12476
201308,9788581630045,1,0.00,0,541,8,5016
201209,9788581630045,1,0.00,0,542,9,3809
201312,9788581630045,1,0.00,0,543,17,3169
201302,9788581630045,1,0.00,0,544,14,4035
201309,9788581630045,1,0.00,0,545,16,2411
201212,9788581630045,1,0.00,0,546,11,12310
201307,9788581630045,1,0.00,0,547,18,3128
201301,9788581630045,1,0.00,0,548,9,3606
201211,9788581630045,1,0.00,0,549,13,6203
201210,9788581630045,1,0.00,0,550,7,12476
201212,9788581630045,1,0.00,0,551,10,12310
201303,9788581630045,1,0.00,0,552,17,3042
201211,9788581630045,1,0.00,0,553,7,6203
201712,9788581370194,1,0.00,0,554,13,2159
201608,9788581370194,1,0.00,0,555,16,1130
201708,9788581370194,1,0.00,0,556,5,3162
201806,9788581370194,1,0.00,0,557,11,2394
201612,9788581370194,1,0.00,0,558,5,2932
201701,9788581370194,1,0.00,0,559,3,2320
201704,9788581370194,1,0.00,0,560,3,3524
201805,9788581370194,1,0.00,0,561,15,1724
201807,9788581370194,1,0.00,0,562,16,1187
201707,9788581370194,1,0.00,0,563,4,3162
201710,9788581370194,1,0.00,0,564,10,2065
201703,9788581370194,1,0.00,0,565,4,4740
201705,9788581370194,1,0.00,0,566,6,2804
201801,9788581370194,1,0.00,0,567,7,2614
201804,9788581370194,1,0.00,0,568,18,1226
201706,9788581370194,1,0.00,0,569,5,3925
201702,9788581370194,1,0.00,0,570,2,2851
201711,9788581370194,1,0.00,0,571,10,2260
201611,9788581370194,1,0.00,0,572,3,1686
201709,9788581370194,1,0.00,0,573,8,3732
201610,9788581370194,1,0.00,0,574,17,528
201809,9788581304069,1,0.00,0,575,7,3426
201810,9788581304069,1,0.00,0,576,15,2690
201401,9788581302089,1,0.00,0,577,14,3481
201402,9788581302089,1,0.00,0,578,12,2391
201309,9788581302010,1,0.00,0,579,6,5201
201306,9788581301570,1,0.00,0,580,15,1447
201308,9788581301570,1,0.00,0,581,10,4059
201310,9788581301570,1,0.00,0,582,8,4390
201307,9788581301570,1,0.00,0,583,6,4745
201309,9788581301570,1,0.00,0,584,11,2949
201303,9788581301518,1,0.00,0,585,7,2383
201304,9788581301518,1,0.00,0,586,13,1119
201211,9788581301143,1,0.00,0,587,13,2372
201402,9788581051802,1,0.00,0,588,15,2686
201111,9788580861310,1,0.00,0,589,1,32432
201202,9788580861310,1,0.00,0,590,9,8841
201112,9788580861310,1,0.00,0,591,1,55382
201203,9788580861310,1,0.00,0,592,19,5245
201201,9788580861310,1,0.00,0,593,1,16599
201203,9788580861310,1,0.00,0,594,8,5245
201202,9788580861310,1,0.00,0,595,5,8841
201111,9788580861310,1,0.00,0,596,2,32432
201112,9788580861310,1,0.00,0,597,2,55382
201201,9788580861310,1,0.00,0,598,4,16599
201703,9788580579727,1,0.00,0,599,14,2271
201711,9788580579727,1,0.00,0,600,18,915
201811,9788580579246,1,0.00,0,601,15,2072
201903,9788580579246,1,0.00,0,602,19,863
201607,9788580579154,1,0.00,0,603,14,4837
201606,9788580579154,1,0.00,0,604,5,5976
201605,9788580579130,1,5.00,1,605,17,1794
201604,9788580579130,1,5.00,1,606,14,4361
201603,9788580579130,1,5.00,1,607,12,4275
201809,9788580578645,1,5.00,2,608,14,2002
201810,9788580578645,1,5.00,2,609,15,2101
201702,9788580578645,1,5.00,2,610,3,6137
201706,9788580578645,1,5.00,2,611,4,8291
201605,9788580578645,1,5.00,2,612,7,20596
201607,9788580578645,1,5.00,2,613,2,47492
201708,9788580578645,1,5.00,2,614,6,3718
201604,9788580578645,1,5.00,2,615,4,24809
201704,9788580578645,1,5.00,2,616,14,5848
201805,9788580578645,1,5.00,2,617,16,3104
201602,9788580578645,1,5.00,2,618,2,18216
201606,9788580578645,1,5.00,2,619,2,28118
201704,9788580578645,1,5.00,2,620,4,5848
201609,9788580578645,1,5.00,2,621,5,15451
201611,9788580578645,1,5.00,2,622,17,6827
201605,9788580578645,1,5.00,2,623,2,20596
201811,9788580578645,1,5.00,2,624,11,4124
201703,9788580578645,1,5.00,2,625,14,8205
201707,9788580578645,1,5.00,2,626,5,4676
201611,9788580578645,1,5.00,2,627,5,6827
201603,9788580578645,1,5.00,2,628,3,26581
201804,9788580578645,1,5.00,2,629,15,2564
201705,9788580578645,1,5.00,2,630,19,5570
201610,9788580578645,1,5.00,2,631,10,7563
201612,9788580578645,1,5.00,2,632,15,14829
201604,9788580578645,1,5.00,2,633,2,24809
201710,9788580578645,1,5.00,2,634,12,2808
201703,9788580578645,1,5.00,2,635,4,8205
201705,9788580578645,1,5.00,2,636,6,5570
201608,9788580578645,1,5.00,2,637,3,17591
201609,9788580578645,1,5.00,2,638,3,15451
201801,9788580578645,1,5.00,2,639,7,6428
201610,9788580578645,1,5.00,2,640,4,7563
201612,9788580578645,1,5.00,2,641,5,14829
201603,9788580578645,1,5.00,2,642,2,26581
201701,9788580578645,1,5.00,2,643,11,9425
201711,9788580578645,1,5.00,2,644,14,2037
201608,9788580578645,1,5.00,2,645,2,17591
201607,9788580578645,1,5.00,2,646,2,47492
201903,9788580578645,1,5.00,2,647,13,2131
201709,9788580578645,1,5.00,2,648,7,4342
201712,9788580578645,1,5.00,2,649,9,9434
201803,9788580578645,1,5.00,2,650,14,7499
201702,9788580578645,1,5.00,2,651,12,6137
201701,9788580578645,1,5.00,2,652,4,9425
201606,9788580578645,1,5.00,2,653,2,28118
201706,9788580578645,1,5.00,2,654,15,8291
201602,9788580578645,1,5.00,2,655,3,18216
201603,9788580578591,1,0.00,0,656,18,1140
201512,9788580578553,1,0.00,0,657,7,6351
201601,9788580578553,1,0.00,0,658,8,4088
201511,9788580578553,1,0.00,0,659,8,3717
201701,9788580578379,1,0.00,0,660,2,8991
201706,9788580578379,1,0.00,0,661,16,1639
201702,9788580578379,1,0.00,0,662,2,6208
201712,9788580578379,1,0.00,0,663,19,2386
201612,9788580578379,3,0.00,0,664,12,15422
201512,9788580578379,3,0.00,0,665,16,4797
201602,9788580578379,3,0.00,0,666,8,5346
201606,9788580578379,3,0.00,0,667,14,2488
201704,9788580578379,3,0.00,0,668,12,1860
201701,9788580578379,3,0.00,0,669,12,8991
201703,9788580578379,3,0.00,0,670,5,4987
201611,9788580578379,3,0.00,0,671,11,2541
201605,9788580578379,3,0.00,0,672,11,3162
201601,9788580578379,3,0.00,0,673,8,7959
201612,9788580578379,3,0.00,0,674,3,15422
201702,9788580578379,3,0.00,0,675,11,6208
201705,9788580578379,3,0.00,0,676,13,2165
201604,9788580578379,3,0.00,0,677,9,4832
201610,9788580578379,3,0.00,0,678,11,2030
201801,9788580578379,3,0.00,0,679,13,2743
201603,9788580578379,3,0.00,0,680,6,5450
201708,9788580578287,3,0.00,0,681,15,965
201701,9788580578287,3,0.00,0,682,17,735
201503,9788580576580,3,0.00,0,683,17,1698
201412,9788580576214,3,0.00,0,684,18,2020
201502,9788580576214,3,0.00,0,685,13,2767
201501,9788580576214,3,0.00,0,686,12,2647
201412,9788580576108,3,0.00,0,687,14,2619
201411,9788580576108,3,0.00,0,688,17,1453
201811,9788580575767,3,0.00,0,689,19,1709
201409,9788580575729,3,0.00,0,690,16,1907
201409,9788580575705,3,0.00,0,691,9,3767
201411,9788580575705,3,0.00,0,692,19,1249
201410,9788580575705,3,0.00,0,693,8,4172
201602,9788580575569,3,0.00,0,694,16,1151
201601,9788580575569,3,0.00,0,695,15,2420
201501,9788580575330,3,0.00,0,696,2,16170
201503,9788580575330,3,0.00,0,697,3,11913
201606,9788580575330,3,0.00,0,698,18,1641
201506,9788580575330,2,0.00,0,699,14,7914
201507,9788580575330,2,0.00,0,700,5,10072
201408,9788580575330,2,0.00,0,701,2,26714
201501,9788580575330,2,0.00,0,702,4,16170
201411,9788580575330,2,0.00,0,703,2,14593
201409,9788580575330,2,0.00,0,704,4,23463
201512,9788580575330,2,0.00,0,705,14,15383
201601,9788580575330,2,0.00,0,706,6,14957
201505,9788580575330,2,0.00,0,707,3,8836
201509,9788580575330,2,0.00,0,708,5,10209
201407,9788580575330,2,0.00,0,709,2,23552
201508,9788580575330,2,0.00,0,710,5,10731
201604,9788580575330,2,0.00,0,711,13,3788
201412,9788580575330,2,0.00,0,712,3,27935
201605,9788580575330,2,0.00,0,713,18,1548
201703,9788580575330,2,0.00,0,714,19,1293
201610,9788580575330,2,0.00,0,715,16,1369
201412,9788580575330,2,0.00,0,716,10,27935
201408,9788580575330,2,0.00,0,717,3,26714
201601,9788580575330,2,0.00,0,718,12,14957
201603,9788580575330,2,0.00,0,719,11,4520
201411,9788580575330,2,0.00,0,720,7,14593
201511,9788580575330,2,0.00,0,721,4,9300
201611,9788580575330,2,0.00,0,722,19,1692
201510,9788580575330,2,0.00,0,723,6,9663
201410,9788580575330,2,0.00,0,724,2,22345
201407,9788580575330,2,0.00,0,725,5,23552
201502,9788580575330,2,0.00,0,726,2,13103
201512,9788580575330,2,0.00,0,727,5,15383
201701,9788580575330,2,0.00,0,728,14,2406
201506,9788580575330,2,0.00,0,729,4,7914
201406,9788580575330,2,0.00,0,730,8,4395
201602,9788580575330,2,0.00,0,731,7,7676
201511,9788580575330,2,0.00,0,732,17,9300
201504,9788580575330,2,0.00,0,733,3,11757
201612,9788580575330,2,0.00,0,734,14,5449
201702,9788580575330,2,0.00,0,735,17,1356
201410,9788580575330,2,0.00,0,736,7,22345
201504,9788580575330,2,0.00,0,737,10,11757
201508,9788580575330,2,0.00,0,738,11,10731
201409,9788580575330,2,0.00,0,739,2,23463
201509,9788580575330,2,0.00,0,740,12,10209
201402,9788580574661,2,0.00,0,741,7,3456
201408,9788580574661,2,0.00,0,742,14,2294
201403,9788580574661,2,0.00,0,743,7,4266
201406,9788580574661,2,0.00,0,744,2,6063
201405,9788580574661,2,0.00,0,745,9,3396
201404,9788580574661,2,0.00,0,746,7,4313
201407,9788580574661,2,0.00,0,747,2,6624
201406,9788580574357,2,0.00,0,748,19,6718
201404,9788580574357,2,0.00,0,749,6,7559
201311,9788580574357,2,0.00,0,750,8,2302
201407,9788580574357,2,0.00,0,751,7,4552
201403,9788580574357,2,0.00,0,752,3,8201
201402,9788580574357,2,0.00,0,753,13,8815
201401,9788580574357,2,0.00,0,754,5,11433
201402,9788580574357,2,0.00,0,755,3,8815
201406,9788580574357,2,0.00,0,756,4,6718
201403,9788580574357,2,0.00,0,757,12,8201
201312,9788580574357,2,0.00,0,758,3,10335
201405,9788580574357,2,0.00,0,759,6,5387
201612,9788580574166,2,0.00,0,760,11,5973
201311,9788580574166,2,0.00,0,761,16,2556
201508,9788580574166,2,0.00,0,762,12,4327
201405,9788580574166,3,0.00,0,763,3,32052
201603,9788580574166,3,0.00,0,764,11,2578
201509,9788580574166,3,0.00,0,765,13,3615
201312,9788580574166,3,0.00,0,766,4,29463
201401,9788580574166,3,0.00,0,767,2,31580
201505,9788580574166,3,0.00,0,768,15,5084
201404,9788580574166,3,0.00,0,769,2,44967
201409,9788580574166,3,0.00,0,770,5,22467
201510,9788580574166,3,0.00,0,771,10,6676
201501,9788580574166,3,0.00,0,772,12,8472
201608,9788580574166,3,0.00,0,773,19,1690
201412,9788580574166,3,0.00,0,774,9,28643
201406,9788580574166,3,0.00,0,775,1,35335
201402,9788580574166,3,0.00,0,776,2,26216
201701,9788580574166,3,0.00,0,777,12,2437
201511,9788580574166,3,0.00,0,778,13,3523
201410,9788580574166,3,0.00,0,779,2,23656
201609,9788580574166,3,0.00,0,780,16,1955
201502,9788580574166,3,0.00,0,781,7,5121
201408,9788580574166,3,0.00,0,782,4,22629
201512,9788580574166,3,0.00,0,783,10,8456
201407,9788580574166,3,0.00,0,784,3,35198
201411,9788580574166,3,0.00,0,785,10,12428
201403,9788580574166,3,0.00,0,786,2,32180
201312,9788580574166,3,0.00,0,787,2,29463
201506,9788580574166,3,0.00,0,788,13,4597
201504,9788580574166,3,0.00,0,789,9,7062
201405,9788580574166,3,0.00,0,790,1,32052
201404,9788580574166,3,0.00,0,791,1,44967
201409,9788580574166,3,0.00,0,792,1,22467
201401,9788580574166,3,0.00,0,793,4,31580
201602,9788580574166,3,0.00,0,794,18,1422
201606,9788580574166,3,0.00,0,795,17,1907
201501,9788580574166,3,0.00,0,796,3,8472
201412,9788580574166,3,0.00,0,797,2,28643
201406,9788580574166,3,0.00,0,798,2,35335
201605,9788580574166,3,0.00,0,799,13,1920
201503,9788580574166,3,0.00,0,800,8,4347
201408,9788580574166,3,0.00,0,801,1,22629
201410,9788580574166,3,0.00,0,802,6,23656
201601,9788580574166,3,0.00,0,803,9,6457
201610,9788580574166,3,0.00,0,804,9,2700
201507,9788580574166,3,0.00,0,805,7,7313
201402,9788580574166,3,0.00,0,806,1,26216
201411,9788580574166,3,0.00,0,807,4,12428
201611,9788580574166,3,0.00,0,808,19,1174
201407,9788580574166,3,0.00,0,809,1,35198
201604,9788580574166,3,0.00,0,810,11,3259
201403,9788580574166,3,0.00,0,811,1,32180
201605,9788580573299,1,0.00,0,812,2,35036
201504,9788580573299,1,0.00,0,813,10,3074
201706,9788580573299,1,0.00,0,814,18,7398
201512,9788580573299,1,0.00,0,815,11,4095
201607,9788580573299,1,0.00,0,816,1,72519
201702,9788580573299,1,0.00,0,817,4,6046
201509,9788580573299,1,0.00,0,818,10,2917
201502,9788580573299,1,0.00,0,819,13,2870
201604,9788580573299,1,0.00,0,820,1,37393
201602,9788580573299,1,0.00,0,821,1,30432
201606,9788580573299,1,0.00,0,822,1,54496
201704,9788580573299,1,0.00,0,823,18,5478
201611,9788580573299,1,0.00,0,824,14,7346
201506,9788580573299,1,0.00,0,825,13,1824
201406,9788580573299,1,0.00,0,826,15,2355
201708,9788580573299,1,0.00,0,827,16,1264
201612,9788580573299,1,0.00,0,828,7,21615
201609,9788580573299,1,0.00,0,829,3,18662
201703,9788580573299,1,0.00,0,830,12,8379
201605,9788580573299,1,0.00,0,831,1,35036
201704,9788580573299,1,0.00,0,832,7,5478
201705,9788580573299,1,0.00,0,833,15,5979
201611,9788580573299,1,0.00,0,834,4,7346
201610,9788580573299,1,0.00,0,835,7,9209
201603,9788580573299,1,0.00,0,836,1,36176
201604,9788580573299,1,0.00,0,837,1,37393
201707,9788580573299,1,0.00,0,838,8,3769
201705,9788580573299,1,0.00,0,839,4,5979
201405,9788580573299,1,0.00,0,840,13,2184
201703,9788580573299,1,0.00,0,841,3,8379
201601,9788580573299,1,0.00,0,842,4,5778
201608,9788580573299,1,0.00,0,843,2,23668
201609,9788580573299,1,0.00,0,844,1,18662
201612,9788580573299,1,0.00,0,845,2,21615
201610,9788580573299,1,0.00,0,846,2,9209
201701,9788580573299,1,0.00,0,847,8,9897
201603,9788580573299,1,0.00,0,848,1,36176
201404,9788580573299,1,0.00,0,849,16,2276
201508,9788580573299,1,0.00,0,850,9,2579
201503,9788580573299,1,0.00,0,851,12,2555
201507,9788580573299,1,0.00,0,852,8,3893
201706,9788580573299,1,0.00,0,853,5,7398
201608,9788580573299,1,0.00,0,854,1,23668
201412,9788580573299,1,0.00,0,855,19,2635
201607,9788580573299,1,0.00,0,856,1,72519
201407,9788580573299,1,0.00,0,857,9,5544
201505,9788580573299,1,0.00,0,858,9,3138
201511,9788580573299,1,0.00,0,859,5,4110
201701,9788580573299,1,0.00,0,860,3,9897
201606,9788580573299,1,0.00,0,861,1,54496
201702,9788580573299,1,0.00,0,862,13,6046
201602,9788580573299,1,0.00,0,863,2,30432
201709,9788580573299,1,0.00,0,864,13,2369
201712,9788580573299,1,0.00,0,865,13,3946
201510,9788580573299,1,0.00,0,866,12,2978
201304,9788580573053,1,0.00,0,867,10,1999
201305,9788580573053,1,0.00,0,868,17,1659
201406,9788580573015,1,0.00,0,869,12,4682
201802,9788580573015,1,0.00,0,870,1,11919
201809,9788580573015,1,0.00,0,871,16,1937
201804,9788580573015,1,0.00,0,872,5,7694
201810,9788580573015,1,0.00,0,873,15,1853
201812,9788580573015,1,0.00,0,874,19,1864
201312,9788580573015,1,0.00,0,875,9,8379
201707,9788580573015,1,0.00,0,876,2,6548
201405,9788580573015,1,0.00,0,877,11,4271
201707,9788580573015,4,0.00,0,878,14,6548
201710,9788580573015,4,0.00,0,879,7,4630
201801,9788580573015,4,0.00,0,880,2,19531
201701,9788580573015,4,0.00,0,881,14,1846
201501,9788580573015,4,0.00,0,882,4,4099
201409,9788580573015,4,0.00,0,883,7,5398
201811,9788580573015,4,0.00,0,884,18,1679
201801,9788580573015,4,0.00,0,885,1,19531
201711,9788580573015,4,0.00,0,886,3,5771
201703,9788580573015,4,0.00,0,887,15,2437
201901,9788580573015,4,0.00,0,888,10,2195
201706,9788580573015,4,0.00,0,889,2,10607
201803,9788580573015,4,0.00,0,890,9,16377
201803,9788580573015,4,0.00,0,891,2,16377
201712,9788580573015,4,0.00,0,892,5,28075
201311,9788580573015,4,0.00,0,893,13,2681
201404,9788580573015,4,0.00,0,894,7,6081
201408,9788580573015,4,0.00,0,895,12,4348
201403,9788580573015,4,0.00,0,896,4,5167
201407,9788580573015,4,0.00,0,897,9,6545
201709,9788580573015,4,0.00,0,898,6,6575
201412,9788580573015,4,0.00,0,899,14,5843
201411,9788580573015,4,0.00,0,900,15,1906
201712,9788580573015,4,0.00,0,901,1,28075
201902,9788580573015,4,0.00,0,902,7,3670
201401,9788580573015,4,0.00,0,903,3,8947
201806,9788580573015,4,0.00,0,904,8,4540
201706,9788580573015,4,0.00,0,905,5,10607
201805,9788580573015,4,0.00,0,906,5,6102
201402,9788580573015,4,0.00,0,907,3,5348
201708,9788580573015,4,0.00,0,908,3,5644
201903,9788580573015,4,0.00,0,909,7,3461
201807,9788580573015,4,0.00,0,910,8,3935
201410,9788580573015,4,0.00,0,911,15,3478
201802,9788580573015,4,0.00,0,912,6,11919
201808,9788580573015,4,0.00,0,913,6,4725
201702,9788580573015,4,0.00,0,914,8,2812
201502,9788580572902,4,0.00,0,915,11,3368
201504,9788580572902,4,0.00,0,916,11,2330
201410,9788580572902,4,0.00,0,917,7,5952
201503,9788580572902,4,0.00,0,918,7,3977
201412,9788580572902,4,0.00,0,919,10,6121
201303,9788580572902,1,0.00,0,920,14,6904
201305,9788580572902,1,0.00,0,921,10,7618
201501,9788580572902,1,0.00,0,922,12,3517
201304,9788580572902,1,0.00,0,923,12,8416
201411,9788580572902,1,0.00,0,924,9,4342
201303,9788580572902,1,0.00,0,925,9,6904
201304,9788580572902,1,0.00,0,926,7,8416
201511,9788580572902,1,0.00,0,927,16,1481
201302,9788580572827,1,0.00,0,928,15,5501
201302,9788580572827,1,0.00,0,929,10,5501
201301,9788580572827,1,0.00,0,930,13,2560
201303,9788580572827,1,0.00,0,931,16,3335
201304,9788580572827,1,0.00,0,932,16,2629
201502,9788580572797,1,0.00,0,933,10,3675
201302,9788580572797,1,0.00,0,934,17,4760
201212,9788580572797,1,0.00,0,935,8,19268
201302,9788580572797,1,0.00,0,936,12,4760
201503,9788580572797,1,0.00,0,937,8,3726
201409,9788580572797,1,0.00,0,938,15,2270
201301,9788580572797,1,0.00,0,939,8,4127
201408,9788580572797,1,0.00,0,940,16,2294
201212,9788580572797,1,0.00,0,941,7,19268
201403,9788580572797,1,0.00,0,942,17,2148
201302,9788580572773,1,0.00,0,943,5,12526
201308,9788580572773,1,0.00,0,944,9,4960
201310,9788580572773,1,0.00,0,945,8,5661
201406,9788580572773,1,0.00,0,946,11,3488
201305,9788580572773,1,0.00,0,947,7,15879
201302,9788580572773,1,0.00,0,948,4,12526
201312,9788580572773,1,0.00,0,949,8,11261
201307,9788580572773,1,0.00,0,950,15,8008
201309,9788580572773,1,0.00,0,951,17,6005
201405,9788580572773,1,0.00,0,952,10,3348
201309,9788580572773,1,0.00,0,953,9,6005
201303,9788580572773,1,0.00,0,954,4,19246
201305,9788580572773,1,0.00,0,955,3,15879
201307,9788580572773,1,0.00,0,956,6,8008
201304,9788580572773,1,0.00,0,957,1,16227
201404,9788580572773,1,0.00,0,958,10,5712
201402,9788580572773,1,0.00,0,959,17,6929
201402,9788580572773,1,0.00,0,960,7,6929
201403,9788580572773,1,0.00,0,961,14,7319
201303,9788580572773,1,0.00,0,962,2,19246
201311,9788580572773,1,0.00,0,963,9,5066
201304,9788580572773,1,0.00,0,964,1,16227
201407,9788580572773,1,0.00,0,965,11,4116
201403,9788580572773,1,0.00,0,966,6,7319
201301,9788580572773,1,0.00,0,967,18,1556
201306,9788580572773,1,0.00,0,968,10,9075
201401,9788580572773,1,0.00,0,969,15,13288
201401,9788580572773,1,0.00,0,970,7,13288
201306,9788580572773,1,0.00,0,971,6,9075
201208,9788580572186,1,0.00,0,972,1,85117
201308,9788580572186,1,0.00,0,973,11,4845
201209,9788580572186,1,0.00,0,974,1,87044
201310,9788580572186,1,0.00,0,975,7,5780
201410,9788580572186,1,0.00,0,976,8,4732
201406,9788580572186,1,0.00,0,977,14,3046
201312,9788580572186,1,0.00,0,978,15,14093
201301,9788580572186,1,0.00,0,979,1,35532
201212,9788580572186,1,0.00,0,980,1,131989
201302,9788580572186,1,0.00,0,981,1,34420
201307,9788580572186,1,0.00,0,982,13,8859
201312,9788580572186,1,0.00,0,983,7,14093
201506,9788580572186,1,0.00,0,984,18,1298
201305,9788580572186,1,0.00,0,985,9,13214
201209,9788580572186,1,0.00,0,986,1,87044
201208,9788580572186,1,0.00,0,987,1,85117
201503,9788580572186,1,0.00,0,988,1,16769
201303,9788580572186,1,0.00,0,989,3,21962
201409,9788580572186,1,0.00,0,990,6,5714
201307,9788580572186,1,0.00,0,991,5,8859
201309,9788580572186,1,0.00,0,992,11,5291
201501,9788580572186,1,0.00,0,993,7,6241
201408,9788580572186,1,0.00,0,994,11,8671
201301,9788580572186,1,0.00,0,995,1,35532
201305,9788580572186,1,0.00,0,996,4,13214
201304,9788580572186,1,0.00,0,997,2,15504
201412,9788580572186,1,0.00,0,998,13,4166
201408,9788580572186,1,0.00,0,999,5,8671
201311,9788580572186,1,0.00,0,1000,18,6227
