idSalesFact,ReferenceDate,BookCode,SalesCount,LeastPrice,MaximumPrice,AveragePrice,CategoryCode
16192,201009,9788599818084,15,43.40,70.90,51.67,0
16193,201009,9788599296554,22,12.00,59.90,44.36,0
16194,201009,9788599296363,24,10.00,9.90,31.63,1
16195,201009,9788599296363,24,10.00,9.90,31.63,1
16196,201009,9788598078588,4,10.98,18.90,16.00,1
16197,201009,9788598078465,19,35.60,56.90,42.53,1
16198,201009,9788598078397,1,30.00,30.00,30.00,1
16199,201009,9788598078397,1,30.00,30.00,30.00,4
16200,201009,9788598078397,1,30.00,30.00,30.00,4
16201,201009,9788598078397,1,30.00,30.00,30.00,4
16202,201009,9788598078175,23,37.99,53.90,45.04,4
16203,201009,9788579301261,8,10.00,32.89,21.38,4
16204,201009,9788578600501,8,10.00,32.89,21.38,4
16205,201009,9788578310431,1,14.90,14.90,14.00,4
16206,201009,9788578130305,21,26.18,93.90,43.29,4
16207,201009,9788576860761,21,13.50,64.90,44.90,4
16208,201009,9788576860761,21,13.50,64.90,44.90,1
16209,201009,9788576860198,7,24.90,47.90,43.71,1
16210,201009,9788576840626,18,47.90,60.29,54.72,1
16211,201009,9788576832294,22,19.90,52.90,35.77,1
16212,201009,9788576831952,20,19.90,46.90,31.90,1
16213,201009,9788576831303,21,19.90,52.90,34.24,1
16214,201009,9788576768609,21,19.90,52.90,34.24,1
16215,201009,9788576767602,24,10.90,9.90,25.42,1
16216,201009,9788576766308,20,36.00,52.90,42.90,1
16217,201009,9788576761730,18,23.60,7.00,26.00,1
16218,201009,9788576654636,24,19.74,37.90,27.92,1
16219,201009,9788576653202,10,17.90,47.90,32.10,1
16220,201009,9788576653202,10,17.90,47.90,32.10,3
16221,201009,9788575425800,1,22.90,22.90,22.00,3
16222,201009,9788575425602,7,11.79,34.90,29.43,3
16223,201009,9788575425114,7,11.79,34.90,29.43,3
16224,201009,9788575424889,7,11.79,34.90,29.43,3
16225,201009,9788575424889,7,11.79,34.90,29.43,3
16226,201009,9788575424889,1,9.70,9.70,9.00,3
16227,201009,9788575423929,8,34.93,59.90,50.25,3
16228,201009,9788575423387,19,39.42,56.90,43.95,3
16229,201009,9788575422397,20,23.62,43.90,31.75,3
16230,201009,9788575422106,20,23.62,43.90,31.75,3
16231,201009,9788575421826,21,25.00,46.90,36.10,3
16232,201009,9788575421024,22,14.90,43.90,30.05,5
16233,201009,9788575421024,22,14.90,43.90,30.05,5
16234,201009,9788573126525,1,19.90,19.90,19.00,5
16235,201009,9788573029161,1,19.90,19.90,19.00,5
16236,201009,9788573029161,1,19.90,19.90,19.00,5
16237,201009,9788573028928,1,19.90,19.90,19.00,5
16238,201009,9788573028928,1,19.90,19.90,19.00,3
16239,201009,9788573028928,1,19.90,19.90,19.00,3
16240,201009,9788573028928,1,19.90,19.90,19.00,3
16241,201009,9788563219077,2,19.90,9.90,14.00,3
16242,201009,9788563219077,2,19.90,9.90,14.00,1
16243,201009,9788563219022,2,19.90,9.90,14.00,1
16244,201009,9788563219022,2,19.90,9.90,14.00,1
16245,201009,9788563066138,2,19.90,9.90,14.00,1
16246,201009,9788562936173,1,199.99,199.99,199.00,1
16247,201009,9788562936067,11,22.90,9.90,32.00,1
16248,201009,9788560303731,11,22.90,9.90,32.00,1
16249,201009,9788560018000,24,18.50,59.92,36.67,1
16250,201009,9788560018000,22,18.50,59.92,35.50,1
16251,201009,9788539000760,20,19.90,51.90,31.90,3
16252,201009,9788539000760,20,19.90,51.90,31.90,3
16253,201009,9788537801550,23,34.00,79.90,59.35,3
16254,201009,9788535913248,1,45.44,45.44,45.00,3
16255,201009,9788535911121,23,20.00,48.90,35.91,3
16256,201009,9788535215243,23,20.00,48.90,35.91,3
16257,201009,9788535215243,2,103.90,47.90,75.00,3
16258,201009,9788535215243,2,103.90,47.90,75.00,3
16259,201009,9788535206234,3,47.20,79.90,68.33,3
16260,201009,9788525048950,21,14.90,52.21,24.71,3
16261,201009,9788525048950,21,14.90,52.21,24.71,2
16262,201009,9788525048400,21,14.90,52.21,24.71,2
16263,201009,9788525046086,2,24.00,29.90,26.50,2
16264,201009,9788522009770,5,20.00,9.98,20.20,2
16265,201009,9788522009770,5,20.00,9.98,20.20,2
16266,201009,9788522005239,10,17.52,8.50,19.50,2
16267,201009,9788520924099,14,20.00,39.90,29.57,3
16268,201009,9788520924099,14,20.00,39.90,29.57,3
16269,201009,9788520917671,3,19.90,31.92,26.33,3
16270,201009,9788506061138,3,19.90,31.92,26.33,4
16271,201009,9788506061138,3,19.90,31.92,26.33,4
16272,201009,9788506061138,3,19.90,31.92,26.33,4
16273,201009,9788506061138,3,19.90,31.92,26.33,4
16274,201009,9788502098305,22,23.00,91.90,46.45,4
16275,201009,8501089818,17,18.00,39.90,28.35,4
16276,201010,9788599818084,15,43.40,70.90,51.67,4
16277,201010,9788599296851,18,29.00,70.90,52.06,4
16278,201010,9788599296851,18,29.00,70.90,52.06,1
16279,201010,9788599296554,22,12.00,59.90,44.36,1
16280,201010,9788599296363,24,10.00,9.90,31.63,1
16281,201010,9788599296363,24,10.00,9.90,31.63,1
16282,201010,9788598078946,24,10.00,9.90,31.63,1
16283,201010,9788598078939,24,10.00,9.90,31.63,1
16284,201010,9788598078588,4,10.98,18.90,16.00,1
16285,201010,9788598078465,19,35.60,56.90,42.53,1
16286,201010,9788598078397,19,35.60,56.90,42.53,1
16287,201010,9788598078397,19,35.60,56.90,42.53,4
16288,201010,9788598078397,1,30.00,30.00,30.00,4
16289,201010,9788598078397,1,30.00,30.00,30.00,4
16290,201010,9788579271076,17,25.39,9.90,27.12,4
16291,201010,9788578310431,1,14.90,14.90,14.00,4
16292,201010,9788576860761,21,13.50,64.90,44.90,4
16293,201010,9788576844778,8,18.18,9.90,13.88,4
16294,201010,9788576840626,18,47.90,60.29,54.72,4
16295,201010,9788576832294,22,19.90,52.90,35.77,4
16296,201010,9788576831952,20,19.90,46.90,31.90,4
16297,201010,9788576831303,21,19.90,52.90,34.24,4
16298,201010,9788576767602,24,10.90,9.90,25.42,4
16299,201010,9788576766308,20,36.00,52.90,42.90,4
16300,201010,9788576761730,18,23.60,7.00,26.00,4
16301,201010,9788576654636,24,19.74,37.90,27.92,4
16302,201010,9788576653202,10,17.90,47.90,32.10,4
16303,201010,9788576653202,10,17.90,47.90,32.10,3
16304,201010,9788575425114,10,17.90,47.90,32.10,3
16305,201010,9788575424889,10,17.90,47.90,32.10,2
16306,201010,9788575424889,10,17.90,47.90,32.10,2
16307,201010,9788575424889,1,9.70,9.70,9.00,2
16308,201010,9788575424889,1,9.70,9.70,9.00,2
16309,201010,9788575424889,1,9.70,9.70,9.00,2
16310,201010,9788575424889,1,9.70,9.70,9.00,2
16311,201010,9788575424162,22,15.92,39.90,30.45,2
16312,201010,9788575424100,2,10.00,29.00,19.50,2
16313,201010,9788575423929,8,34.93,59.90,50.25,2
16314,201010,9788575423387,19,39.42,56.90,43.95,2
16315,201010,9788575422397,20,23.62,43.90,31.75,2
16316,201010,9788575422106,20,23.62,43.90,31.75,2
16317,201010,9788575421826,21,25.00,46.90,36.10,2
16318,201010,9788575421024,22,14.90,43.90,30.05,2
16319,201010,9788575420270,23,22.40,78.49,36.30,2
16320,201010,9788573126525,1,19.90,19.90,19.00,2
16321,201010,9788573029161,1,19.90,19.90,19.00,2
16322,201010,9788573029161,1,19.90,19.90,19.00,2
16323,201010,9788573028928,1,19.90,19.90,19.00,3
16324,201010,9788573028928,1,19.90,19.90,19.00,3
16325,201010,9788573028928,1,19.90,19.90,19.00,3
16326,201010,9788573028928,1,19.90,19.90,19.00,3
16327,201010,9788563219145,2,20.90,44.90,32.00,3
16328,201010,9788563219077,2,19.90,9.90,14.00,3
16329,201010,9788563219077,2,19.90,9.90,14.00,1
16330,201010,9788563219022,2,19.90,9.90,14.00,1
16331,201010,9788563219022,2,19.90,9.90,14.00,1
16332,201010,9788563066138,2,19.90,9.90,14.00,1
16333,201010,9788562936173,1,199.99,199.99,199.00,1
16334,201010,9788562936067,11,22.90,9.90,32.00,1
16335,201010,9788560303731,11,22.90,9.90,32.00,1
16336,201010,9788560018000,22,18.50,59.92,35.50,1
16337,201010,9788560018000,24,18.50,59.92,36.67,1
16338,201010,9788539001125,9,20.00,6.99,21.22,1
16339,201010,9788539000760,20,19.90,51.90,31.90,3
16340,201010,9788539000760,20,19.90,51.90,31.90,3
16341,201010,9788537802748,21,29.63,48.90,36.86,3
16342,201010,9788535911121,23,20.00,48.90,35.91,3
16343,201010,9788535215243,2,103.90,47.90,75.00,3
16344,201010,9788535215243,2,103.90,47.90,75.00,3
16345,201010,9788535215243,2,103.90,47.90,75.00,3
16346,201010,9788535206234,3,47.20,79.90,68.33,3
16347,201010,9788525048950,21,14.90,52.21,24.71,3
16348,201010,9788525048950,21,14.90,52.21,24.71,2
16349,201010,9788525048400,21,14.90,52.21,24.71,2
16350,201010,9788522009770,21,14.90,52.21,24.71,2
16351,201010,9788522009770,5,20.00,9.98,20.20,2
16352,201010,9788522005239,10,17.52,8.50,19.50,2
16353,201010,9788520924099,14,20.00,39.90,29.57,3
16354,201010,9788520924099,14,20.00,39.90,29.57,3
16355,201010,9788506061138,14,20.00,39.90,29.57,3
16356,201010,9788506061138,14,20.00,39.90,29.57,3
16357,201010,9788502098305,22,23.00,91.90,46.45,3
16358,201010,9788502066922,13,18.95,26.90,22.69,3
16359,201010,9788501088970,16,103.92,92.84,92.63,3
16360,201011,9788599296851,18,29.00,70.90,52.06,1
16361,201011,9788599296851,18,29.00,70.90,52.06,1
16362,201011,9788599296554,22,12.00,59.90,44.36,1
16363,201011,9788599296363,24,10.00,9.90,31.63,1
16364,201011,9788599296363,24,10.00,9.90,31.63,1
16365,201011,9788598078946,24,10.00,9.90,31.63,1
16366,201011,9788598078939,24,10.00,9.90,31.63,1
16367,201011,9788598078588,4,10.98,18.90,16.00,1
16368,201011,9788598078465,19,35.60,56.90,42.53,1
16369,201011,9788598078397,1,30.00,30.00,30.00,1
16370,201011,9788598078397,1,30.00,30.00,30.00,1
16371,201011,9788579271076,17,25.39,9.90,27.12,1
16372,201011,9788578310431,1,14.90,14.90,14.00,1
16373,201011,9788576860761,21,13.50,64.90,44.90,1
16374,201011,9788576844778,8,18.18,9.90,13.88,1
16375,201011,9788576840626,18,47.90,60.29,54.72,1
16376,201011,9788576832294,22,19.90,52.90,35.77,1
16377,201011,9788576831952,20,19.90,46.90,31.90,1
16378,201011,9788576831303,21,19.90,52.90,34.24,1
16379,201011,9788576766308,20,36.00,52.90,42.90,1
16380,201011,9788576761730,18,23.60,7.00,26.00,1
16381,201011,9788576654636,24,19.74,37.90,27.92,1
16382,201011,9788576653202,10,17.90,47.90,32.10,1
16383,201011,9788576653202,10,17.90,47.90,32.10,3
16384,201011,9788575425114,10,17.90,47.90,32.10,3
16385,201011,9788575424889,10,17.90,47.90,32.10,3
16386,201011,9788575424889,10,17.90,47.90,32.10,2
16387,201011,9788575424889,10,17.90,47.90,32.10,2
16388,201011,9788575424889,10,17.90,47.90,32.10,2
16389,201011,9788575424889,1,9.70,9.70,9.00,2
16390,201011,9788575424889,1,9.70,9.70,9.00,2
16391,201011,9788575424162,22,15.92,39.90,30.45,2
16392,201011,9788575424100,2,10.00,29.00,19.50,2
16393,201011,9788575423929,8,34.93,59.90,50.25,2
16394,201011,9788575422397,20,23.62,43.90,31.75,2
16395,201011,9788575422106,20,23.62,43.90,31.75,2
16396,201011,9788575421826,21,25.00,46.90,36.10,2
16397,201011,9788575421024,22,14.90,43.90,30.05,2
16398,201011,9788575420270,23,22.40,78.49,36.30,2
16399,201011,9788575037560,1,162.00,162.00,162.00,2
16400,201011,9788573516814,1,162.00,162.00,162.00,2
16401,201011,9788573126525,1,19.90,19.90,19.00,2
16402,201011,9788573029161,1,19.90,19.90,19.00,2
16403,201011,9788573029161,1,19.90,19.90,19.00,2
16404,201011,9788573028928,1,19.90,19.90,19.00,2
16405,201011,9788573028928,1,19.90,19.90,19.00,3
16406,201011,9788573028928,1,19.90,19.90,19.00,3
16407,201011,9788573028928,1,19.90,19.90,19.00,3
16408,201011,9788563219145,2,20.90,44.90,32.00,3
16409,201011,9788563219077,2,19.90,9.90,14.00,1
16410,201011,9788563219077,2,19.90,9.90,14.00,1
16411,201011,9788563219022,2,19.90,9.90,14.00,1
16412,201011,9788563219022,2,19.90,9.90,14.00,1
16413,201011,9788563066251,2,24.00,32.89,28.00,1
16414,201011,9788563066138,2,24.00,32.89,28.00,1
16415,201011,9788562936173,1,199.99,199.99,199.00,1
16416,201011,9788562936067,11,22.90,9.90,32.00,1
16417,201011,9788561411039,17,200.38,99.22,68.29,1
16418,201011,9788560018000,24,18.50,59.92,36.67,1
16419,201011,9788560018000,22,18.50,59.92,35.50,1
16420,201011,9788539001125,9,20.00,6.99,21.22,1
16421,201011,9788539001125,9,20.00,6.99,21.22,1
16422,201011,9788539000760,20,19.90,51.90,31.90,1
16423,201011,9788539000760,20,19.90,51.90,31.90,3
16424,201011,9788537802748,21,29.63,48.90,36.86,3
16425,201011,9788535911121,23,20.00,48.90,35.91,3
16426,201011,9788535238693,20,108.79,98.90,82.10,3
16427,201011,9788535238693,20,108.79,98.90,82.10,3
16428,201011,9788535215243,2,103.90,47.90,75.00,3
16429,201011,9788535215243,2,103.90,47.90,75.00,3
16430,201011,9788535215243,2,103.90,47.90,75.00,3
16431,201011,9788535206234,3,47.20,79.90,68.33,3
16432,201011,9788532635792,22,12.00,34.90,23.77,3
16433,201011,9788525048950,21,14.90,52.21,24.71,2
16434,201011,9788525048950,21,14.90,52.21,24.71,2
16435,201011,9788522005239,10,17.52,8.50,19.50,4
16436,201011,9788522005239,10,17.52,8.50,19.50,4
16437,201011,9788520924822,8,22.71,39.90,32.13,4
16438,201011,9788520924099,14,20.00,39.90,29.57,4
16439,201011,9788520924099,14,20.00,39.90,29.57,3
16440,201011,9788506061138,14,20.00,39.90,29.57,3
16441,201011,9788506061138,14,20.00,39.90,29.57,3
16442,201011,9788502098305,22,23.00,91.90,46.45,3
16443,201011,8501090999,22,23.00,91.90,46.45,1
16444,201011,8501090999,22,23.00,91.90,46.45,1
16445,201011,8501090999,22,23.00,91.90,46.45,1
16446,201011,8501090999,22,23.00,91.90,46.45,1
16447,201011,8501090999,22,23.00,91.90,46.45,1
16448,201011,8501090999,22,23.00,91.90,46.45,1
16449,201011,8501090999,22,23.00,91.90,46.45,1
16450,201011,8501090999,22,23.00,91.90,46.45,1
16451,201011,8501090999,22,23.00,91.90,46.45,1
16452,201011,8501090999,22,23.00,91.90,46.45,1
16453,201011,8501090999,12,39.80,47.90,45.33,1
16454,201011,8501090999,12,39.80,47.90,45.33,1
16455,201012,9788599296851,18,29.00,70.90,52.06,1
16456,201012,9788599296554,22,12.00,59.90,44.36,1
16457,201012,9788599296363,24,10.00,9.90,31.63,1
16458,201012,9788599296363,24,10.00,9.90,31.63,1
16459,201012,9788598078946,24,10.00,9.90,31.63,5
16460,201012,9788598078946,24,10.00,9.90,31.63,5
16461,201012,9788598078588,4,10.98,18.90,16.00,5
16462,201012,9788598078465,19,35.60,56.90,42.53,5
16463,201012,9788598078397,1,30.00,30.00,30.00,5
16464,201012,9788598078397,1,30.00,30.00,30.00,5
16465,201012,9788579800511,20,17.88,35.90,23.35,5
16466,201012,9788579271076,17,25.39,9.90,27.12,5
16467,201012,9788578310431,1,14.90,14.90,14.00,5
16468,201012,9788578270698,1,14.90,14.90,14.00,5
16469,201012,9788577220274,1,14.90,14.90,14.00,5
16470,201012,9788576861034,19,23.90,48.90,31.53,5
16471,201012,9788576860761,21,13.50,64.90,44.90,1
16472,201012,9788576860761,21,13.50,64.90,44.90,1
16473,201012,9788576840626,18,47.90,60.29,54.72,1
16474,201012,9788576832294,22,19.90,52.90,35.77,1
16475,201012,9788576831952,20,19.90,46.90,31.90,1
16476,201012,9788576831303,21,19.90,52.90,34.24,1
16477,201012,9788576770985,21,19.90,52.90,34.24,1
16478,201012,9788576770985,21,19.90,52.90,34.24,1
16479,201012,9788576766308,20,36.00,52.90,42.90,1
16480,201012,9788576761730,18,23.60,7.00,26.00,1
16481,201012,9788576654636,24,19.74,37.90,27.92,1
16482,201012,9788576653202,10,17.90,47.90,32.10,3
16483,201012,9788576653202,10,17.90,47.90,32.10,3
16484,201012,9788575426227,11,19.92,9.90,15.09,3
16485,201012,9788575425114,11,19.92,9.90,15.09,3
16486,201012,9788575424889,11,19.92,9.90,15.09,3
16487,201012,9788575424889,1,9.70,9.70,9.00,3
16488,201012,9788575424889,1,9.70,9.70,9.00,3
16489,201012,9788575424834,20,17.49,51.90,36.70,3
16490,201012,9788575424483,22,18.90,51.90,37.73,3
16491,201012,9788575424100,2,10.00,29.00,19.50,3
16492,201012,9788575423929,8,34.93,59.90,50.25,3
16493,201012,9788575422427,21,10.00,39.90,28.48,3
16494,201012,9788575422397,20,23.62,43.90,31.75,3
16495,201012,9788575422106,20,23.62,43.90,31.75,3
16496,201012,9788575421024,22,14.90,43.90,30.05,3
16497,201012,9788573516814,22,14.90,43.90,30.05,3
16498,201012,9788573126525,1,19.90,19.90,19.00,3
16499,201012,9788573125696,2,24.90,9.90,16.50,3
16500,201012,9788573029161,2,24.90,9.90,16.50,3
16501,201012,9788573029161,2,24.90,9.90,16.50,3
16502,201012,9788573028928,2,24.90,9.90,16.50,3
16503,201012,9788573028928,2,24.90,9.90,16.50,3
16504,201012,9788573028928,2,24.90,9.90,16.50,3
16505,201012,9788573028928,2,24.90,9.90,16.50,3
16506,201012,9788563219206,2,14.99,20.00,17.00,1
16507,201012,9788563219206,2,14.99,20.00,17.00,1
16508,201012,9788563219077,2,19.90,9.90,14.00,1
16509,201012,9788563219077,2,19.90,9.90,14.00,1
16510,201012,9788563219022,2,19.90,9.90,14.00,1
16511,201012,9788563219022,2,19.90,9.90,14.00,1
16512,201012,9788563066299,1,27.23,27.23,27.00,1
16513,201012,9788563066251,2,24.00,32.89,28.00,1
16514,201012,9788563066138,2,24.00,32.89,28.00,1
16515,201012,9788562936067,11,22.90,9.90,32.00,3
16516,201012,9788562936067,11,22.90,9.90,32.00,3
16517,201012,9788560018000,22,18.50,59.92,35.50,3
16518,201012,9788560018000,24,18.50,59.92,36.67,3
16519,201012,9788539001125,9,20.00,6.99,21.22,3
16520,201012,9788539000760,20,19.90,51.90,31.90,3
16521,201012,9788539000760,20,19.90,51.90,31.90,3
16522,201012,9788535215243,2,103.90,47.90,75.00,3
16523,201012,9788535215243,2,103.90,47.90,75.00,3
16524,201012,9788535215243,2,103.90,47.90,75.00,3
16525,201012,9788535206234,3,47.20,79.90,68.33,3
16526,201012,9788532635792,22,12.00,34.90,23.77,3
16527,201012,9788532526076,1,12.00,12.00,12.00,3
16528,201012,9788532526076,1,12.00,12.00,12.00,3
16529,201012,9788525048950,21,14.90,52.21,24.71,2
16530,201012,9788525048950,21,14.90,52.21,24.71,2
16531,201012,9788522012305,1,24.90,24.90,24.00,2
16532,201012,9788522009770,5,20.00,9.98,20.20,2
16533,201012,9788522009770,5,20.00,9.98,20.20,2
16534,201012,9788522005239,10,17.52,8.50,19.50,2
16535,201012,9788520924822,8,22.71,39.90,32.13,2
16536,201012,9788520924822,8,22.71,39.90,32.13,1
16537,201012,9788520924099,14,20.00,39.90,29.57,1
16538,201012,9788520924099,14,20.00,39.90,29.57,3
16539,201012,9788506061138,14,20.00,39.90,29.57,3
16540,201012,9788506061138,14,20.00,39.90,29.57,3
16541,201012,9788502098305,22,23.00,91.90,46.45,3
16542,201012,8501090999,22,23.00,91.90,46.45,3
16543,201012,8501090999,22,23.00,91.90,46.45,3
16544,201012,8501090999,12,39.80,47.90,45.33,3
16545,201012,8501090999,12,39.80,47.90,45.33,3
16546,201012,8501090999,12,39.80,47.90,45.33,3
16547,201012,8501090999,12,39.80,47.90,45.33,3
16548,201101,9788599296851,18,29.00,70.90,52.06,3
16549,201101,9788599296554,22,12.00,59.90,44.36,3
16550,201101,9788599296363,24,10.00,9.90,31.63,3
16551,201101,9788599296363,24,10.00,9.90,31.63,1
16552,201101,9788598254036,1,55.00,55.00,55.00,1
16553,201101,9788598078946,1,55.00,55.00,55.00,1
16554,201101,9788598078946,1,55.00,55.00,55.00,5
16555,201101,9788598078588,4,10.98,18.90,16.00,5
16556,201101,9788598078465,19,35.60,56.90,42.53,1
16557,201101,9788598078465,19,35.60,56.90,42.53,1
16558,201101,9788598078397,1,30.00,30.00,30.00,1
16559,201101,9788598078397,1,30.00,30.00,30.00,1
16560,201101,9788579271076,17,25.39,9.90,27.12,1
16561,201101,9788578310431,1,14.90,14.90,14.00,1
16562,201101,9788578270698,1,14.90,14.90,14.00,1
16563,201101,9788577221530,17,15.00,43.00,33.29,1
16564,201101,9788576861034,19,23.90,48.90,31.53,1
16565,201101,9788576860761,21,13.50,64.90,44.90,1
16566,201101,9788576860761,21,13.50,64.90,44.90,1
16567,201101,9788576844778,8,18.18,9.90,13.88,1
16568,201101,9788576840626,18,47.90,60.29,54.72,1
16569,201101,9788576832294,22,19.90,52.90,35.77,1
16570,201101,9788576831952,20,19.90,46.90,31.90,1
16571,201101,9788576831303,21,19.90,52.90,34.24,1
16572,201101,9788576766308,20,36.00,52.90,42.90,1
16573,201101,9788576761730,18,23.60,7.00,26.00,1
16574,201101,9788576654636,24,19.74,37.90,27.92,1
16575,201101,9788576653202,10,17.90,47.90,32.10,3
16576,201101,9788576653202,10,17.90,47.90,32.10,3
16577,201101,9788575426241,10,27.93,7.01,30.40,3
16578,201101,9788575426227,11,19.92,9.90,15.09,3
16579,201101,9788575425114,11,19.92,9.90,15.09,3
16580,201101,9788575424889,11,19.92,9.90,15.09,3
16581,201101,9788575424889,11,19.92,9.90,15.09,2
16582,201101,9788575424889,11,19.92,9.90,15.09,2
16583,201101,9788575424889,1,9.70,9.70,9.00,2
16584,201101,9788575424889,1,9.70,9.70,9.00,2
16585,201101,9788575424889,1,9.70,9.70,9.00,2
16586,201101,9788575424162,22,15.92,39.90,30.45,2
16587,201101,9788575424100,2,10.00,29.00,19.50,2
16588,201101,9788575423929,8,34.93,59.90,50.25,2
16589,201101,9788575422397,20,23.62,43.90,31.75,2
16590,201101,9788575422106,20,23.62,43.90,31.75,2
16591,201101,9788575421826,21,25.00,46.90,36.10,2
16592,201101,9788575421024,22,14.90,43.90,30.05,2
16593,201101,9788575420270,23,22.40,78.49,36.30,2
16594,201101,9788573516814,23,22.40,78.49,36.30,2
16595,201101,9788573126525,1,19.90,19.90,19.00,2
16596,201101,9788573029161,1,19.90,19.90,19.00,2
16597,201101,9788573029161,1,19.90,19.90,19.00,2
16598,201101,9788573028928,1,19.90,19.90,19.00,3
16599,201101,9788573028928,1,19.90,19.90,19.00,3
16600,201101,9788573028928,1,19.90,19.90,19.00,3
16601,201101,9788573028928,1,19.90,19.90,19.00,3
16602,201101,9788563219206,2,14.99,20.00,17.00,1
16603,201101,9788563219206,2,14.99,20.00,17.00,1
16604,201101,9788563219183,1,9.00,9.00,9.00,1
16605,201101,9788563219145,2,20.90,44.90,32.00,1
16606,201101,9788563219077,2,19.90,9.90,14.00,1
16607,201101,9788563219077,2,19.90,9.90,14.00,1
16608,201101,9788563219022,2,19.90,9.90,14.00,1
16609,201101,9788563219022,2,19.90,9.90,14.00,1
16610,201101,9788563066251,2,24.00,32.89,28.00,1
16611,201101,9788563066169,8,14.29,9.90,15.88,1
16612,201101,9788563066138,8,14.29,9.90,15.88,1
16613,201101,9788562936067,11,22.90,9.90,32.00,1
16614,201101,9788560018000,24,18.50,59.92,36.67,1
16615,201101,9788560018000,22,18.50,59.92,35.50,1
16616,201101,9788539001125,9,20.00,6.99,21.22,1
16617,201101,9788539000760,20,19.90,51.90,31.90,1
16618,201101,9788539000760,20,19.90,51.90,31.90,3
16619,201101,9788535917581,21,108.90,94.90,81.52,3
16620,201101,9788535911121,23,20.00,48.90,35.91,3
16621,201101,9788535238693,20,108.79,98.90,82.10,3
16622,201101,9788535238693,20,108.79,98.90,82.10,3
16623,201101,9788535206234,3,47.20,79.90,68.33,3
16624,201101,9788532526076,1,12.00,12.00,12.00,3
16625,201101,9788525048950,21,14.90,52.21,24.71,3
16626,201101,9788525048950,21,14.90,52.21,24.71,2
16627,201101,9788522012305,1,24.90,24.90,24.00,2
16628,201101,9788522009770,5,20.00,9.98,20.20,2
16629,201101,9788522009770,5,20.00,9.98,20.20,2
16630,201101,9788522005239,10,17.52,8.50,19.50,2
16631,201101,9788522005239,10,17.52,8.50,19.50,4
16632,201101,9788520924822,8,22.71,39.90,32.13,4
16633,201101,9788520924822,8,22.71,39.90,32.13,1
16634,201101,9788520924099,14,20.00,39.90,29.57,3
16635,201101,9788520924099,14,20.00,39.90,29.57,3
16636,201101,9788506061138,14,20.00,39.90,29.57,3
16637,201101,9788506061138,14,20.00,39.90,29.57,3
16638,201101,8575426192,14,20.00,39.90,29.57,3
16639,201101,8501090999,14,20.00,39.90,29.57,1
16640,201101,8501090999,14,20.00,39.90,29.57,1
16641,201101,8501090999,14,20.00,39.90,29.57,1
16642,201101,8501090999,12,39.80,47.90,45.33,1
16643,201101,8501090999,12,39.80,47.90,45.33,1
16644,201101,8501090999,12,39.80,47.90,45.33,1
16645,201101,8501090999,12,39.80,47.90,45.33,1
16646,201101,8501090999,12,39.80,47.90,45.33,1
16647,201101,8501090999,12,39.80,47.90,45.33,1
16648,201101,8501090999,12,39.80,47.90,45.33,1
16649,201101,8501090999,12,39.80,47.90,45.33,1
16650,201101,8501090999,12,39.80,47.90,45.33,1
16651,201102,9788599296554,22,12.00,59.90,44.36,1
16652,201102,9788599296363,24,10.00,9.90,31.63,1
16653,201102,9788599296363,24,10.00,9.90,31.63,1
16654,201102,9788598254036,1,55.00,55.00,55.00,1
16655,201102,9788598078946,1,55.00,55.00,55.00,1
16656,201102,9788598078588,4,10.98,18.90,16.00,1
16657,201102,9788598078465,19,35.60,56.90,42.53,1
16658,201102,9788598078397,1,30.00,30.00,30.00,1
16659,201102,9788598078397,1,30.00,30.00,30.00,1
16660,201102,9788580570113,1,30.00,30.00,30.00,1
16661,201102,9788578310431,1,14.90,14.90,14.00,1
16662,201102,9788577221530,17,15.00,43.00,33.29,1
16663,201102,9788576861034,19,23.90,48.90,31.53,1
16664,201102,9788576860761,21,13.50,64.90,44.90,1
16665,201102,9788576844778,8,18.18,9.90,13.88,1
16666,201102,9788576832294,22,19.90,52.90,35.77,1
16667,201102,9788576831303,21,19.90,52.90,34.24,1
16668,201102,9788576766308,20,36.00,52.90,42.90,1
16669,201102,9788576761730,18,23.60,7.00,26.00,1
16670,201102,9788576654636,24,19.74,37.90,27.92,1
16671,201102,9788576653202,10,17.90,47.90,32.10,1
16672,201102,9788576653202,10,17.90,47.90,32.10,3
16673,201102,9788575426227,11,19.92,9.90,15.09,3
16674,201102,9788575425114,11,19.92,9.90,15.09,3
16675,201102,9788575424889,11,19.92,9.90,15.09,3
16676,201102,9788575424889,11,19.92,9.90,15.09,2
16677,201102,9788575424889,11,19.92,9.90,15.09,2
16678,201102,9788575424889,1,9.70,9.70,9.00,2
16679,201102,9788575424889,1,9.70,9.70,9.00,2
16680,201102,9788575424889,1,9.70,9.70,9.00,2
16681,201102,9788575424162,22,15.92,39.90,30.45,2
16682,201102,9788575424100,2,10.00,29.00,19.50,2
16683,201102,9788575423929,8,34.93,59.90,50.25,2
16684,201102,9788575423387,19,39.42,56.90,43.95,2
16685,201102,9788575422397,20,23.62,43.90,31.75,2
16686,201102,9788575422106,20,23.62,43.90,31.75,2
16687,201102,9788575421024,22,14.90,43.90,30.05,5
16688,201102,9788575421024,22,14.90,43.90,30.05,5
16689,201102,9788575420492,19,15.00,37.90,28.84,5
16690,201102,9788575420270,23,22.40,78.49,36.30,5
16691,201102,9788573126525,1,19.90,19.90,19.00,5
16692,201102,9788573029161,1,19.90,19.90,19.00,5
16693,201102,9788573029161,1,19.90,19.90,19.00,5
16694,201102,9788573028928,1,19.90,19.90,19.00,5
16695,201102,9788573028928,1,19.90,19.90,19.00,3
16696,201102,9788573028928,1,19.90,19.90,19.00,3
16697,201102,9788573028928,1,19.90,19.90,19.00,3
16698,201102,9788563219206,2,14.99,20.00,17.00,1
16699,201102,9788563219206,2,14.99,20.00,17.00,1
16700,201102,9788563219183,1,9.00,9.00,9.00,1
16701,201102,9788563219183,1,9.00,9.00,9.00,1
16702,201102,9788563219077,2,19.90,9.90,14.00,1
16703,201102,9788563219077,2,19.90,9.90,14.00,1
16704,201102,9788563219022,2,19.90,9.90,14.00,1
16705,201102,9788563219022,2,19.90,9.90,14.00,1
16706,201102,9788563066299,1,27.23,27.23,27.00,1
16707,201102,9788563066251,2,24.00,32.89,28.00,1
16708,201102,9788563066138,2,24.00,32.89,28.00,1
16709,201102,9788562936067,11,22.90,9.90,32.00,3
16710,201102,9788562936067,11,22.90,9.90,32.00,3
16711,201102,9788560018000,24,18.50,59.92,36.67,3
16712,201102,9788560018000,22,18.50,59.92,35.50,3
16713,201102,9788539001125,9,20.00,6.99,21.22,3
16714,201102,9788539001125,9,20.00,6.99,21.22,1
16715,201102,9788539000760,20,19.90,51.90,31.90,1
16716,201102,9788539000760,20,19.90,51.90,31.90,3
16717,201102,9788535911121,23,20.00,48.90,35.91,3
16718,201102,9788535215243,2,103.90,47.90,75.00,3
16719,201102,9788535215243,2,103.90,47.90,75.00,3
16720,201102,9788535215243,2,103.90,47.90,75.00,3
16721,201102,9788535206234,3,47.20,79.90,68.33,3
16722,201102,9788532526076,1,12.00,12.00,12.00,3
16723,201102,9788525048950,21,14.90,52.21,24.71,2
16724,201102,9788525048950,21,14.90,52.21,24.71,2
16725,201102,9788522012305,1,24.90,24.90,24.00,2
16726,201102,9788522012008,1,15.00,15.00,15.00,2
16727,201102,9788522009770,5,20.00,9.98,20.20,2
16728,201102,9788522009770,5,20.00,9.98,20.20,2
16729,201102,9788522005239,10,17.52,8.50,19.50,4
16730,201102,9788522005239,10,17.52,8.50,19.50,4
16731,201102,9788520924822,8,22.71,39.90,32.13,4
16732,201102,9788520924822,8,22.71,39.90,32.13,1
16733,201102,9788520924099,14,20.00,39.90,29.57,3
16734,201102,9788520924099,14,20.00,39.90,29.57,3
16735,201102,9788506064634,16,12.18,9.90,18.31,3
16736,201102,9788506064634,16,12.18,9.90,18.31,3
16737,201102,8575426192,16,12.18,9.90,18.31,3
16738,201102,8501090999,16,12.18,9.90,18.31,3
16739,201102,8501090999,16,12.18,9.90,18.31,3
16740,201102,8501090999,16,12.18,9.90,18.31,3
16741,201102,8501090999,16,12.18,9.90,18.31,3
16742,201102,8501090999,16,12.18,9.90,18.31,3
16743,201102,8501090999,12,39.80,47.90,45.33,3
16744,201103,9788599296554,22,12.00,59.90,44.36,3
16745,201103,9788599296363,24,10.00,9.90,31.63,3
16746,201103,9788599296363,24,10.00,9.90,31.63,1
16747,201103,9788599296158,18,17.00,40.90,28.78,1
16748,201103,9788598078946,18,17.00,40.90,28.78,1
16749,201103,9788598078588,4,10.98,18.90,16.00,1
16750,201103,9788598078397,1,30.00,30.00,30.00,1
16751,201103,9788598078397,1,30.00,30.00,30.00,1
16752,201103,9788579300707,1,30.00,30.00,30.00,1
16753,201103,9788579300707,1,30.00,30.00,30.00,2
16754,201103,9788578310431,1,14.90,14.90,14.00,2
16755,201103,9788577221530,17,15.00,43.00,33.29,2
16756,201103,9788576950172,21,13.30,46.90,33.38,2
16757,201103,9788576861034,19,23.90,48.90,31.53,2
16758,201103,9788576860761,21,13.50,64.90,44.90,2
16759,201103,9788576844778,8,18.18,9.90,13.88,2
16760,201103,9788576840626,18,47.90,60.29,54.72,2
16761,201103,9788576832294,22,19.90,52.90,35.77,2
16762,201103,9788576831952,20,19.90,46.90,31.90,2
16763,201103,9788576831303,21,19.90,52.90,34.24,2
16764,201103,9788576766308,20,36.00,52.90,42.90,2
16765,201103,9788576761730,18,23.60,7.00,26.00,2
16766,201103,9788576654636,24,19.74,37.90,27.92,2
16767,201103,9788576653202,10,17.90,47.90,32.10,3
16768,201103,9788576653202,10,17.90,47.90,32.10,3
16769,201103,9788575426227,11,19.92,9.90,15.09,3
16770,201103,9788575426166,9,23.90,5.50,23.67,3
16771,201103,9788575425114,9,23.90,5.50,23.67,3
16772,201103,9788575424889,9,23.90,5.50,23.67,3
16773,201103,9788575424889,1,9.70,9.70,9.00,3
16774,201103,9788575424889,1,9.70,9.70,9.00,2
16775,201103,9788575424889,1,9.70,9.70,9.00,2
16776,201103,9788575424889,1,9.70,9.70,9.00,2
16777,201103,9788575424889,1,9.70,9.70,9.00,2
16778,201103,9788575424162,22,15.92,39.90,30.45,2
16779,201103,9788575423387,19,39.42,56.90,43.95,2
16780,201103,9788575422397,20,23.62,43.90,31.75,2
16781,201103,9788575422106,20,23.62,43.90,31.75,2
16782,201103,9788575421826,21,25.00,46.90,36.10,2
16783,201103,9788575421024,22,14.90,43.90,30.05,2
16784,201103,9788575421024,22,14.90,43.90,30.05,5
16785,201103,9788575420492,19,15.00,37.90,28.84,5
16786,201103,9788575420270,23,22.40,78.49,36.30,5
16787,201103,9788573126525,1,19.90,19.90,19.00,5
16788,201103,9788573029161,1,19.90,19.90,19.00,5
16789,201103,9788573029161,1,19.90,19.90,19.00,5
16790,201103,9788573028928,1,19.90,19.90,19.00,3
16791,201103,9788573028928,1,19.90,19.90,19.00,3
16792,201103,9788573028928,1,19.90,19.90,19.00,3
16793,201103,9788573028928,1,19.90,19.90,19.00,3
16794,201103,9788563219206,2,14.99,20.00,17.00,1
16795,201103,9788563219206,2,14.99,20.00,17.00,1
16796,201103,9788563219183,1,9.00,9.00,9.00,1
16797,201103,9788563219077,2,19.90,9.90,14.00,1
16798,201103,9788563219077,2,19.90,9.90,14.00,1
16799,201103,9788563219022,2,19.90,9.90,14.00,1
16800,201103,9788563219022,2,19.90,9.90,14.00,1
16801,201103,9788563066299,1,27.23,27.23,27.00,1
16802,201103,9788563066251,2,24.00,32.89,28.00,1
16803,201103,9788562936067,11,22.90,9.90,32.00,3
16804,201103,9788562936067,11,22.90,9.90,32.00,3
16805,201103,9788560018000,22,18.50,59.92,35.50,3
16806,201103,9788560018000,24,18.50,59.92,36.67,3
16807,201103,9788539001125,9,20.00,6.99,21.22,3
16808,201103,9788539000760,20,19.90,51.90,31.90,3
16809,201103,9788535911121,23,20.00,48.90,35.91,3
16810,201103,9788535243888,23,20.00,48.90,35.91,3
16811,201103,9788535243888,4,37.20,44.90,38.75,3
16812,201103,9788535215243,4,37.20,44.90,38.75,3
16813,201103,9788535215243,2,103.90,47.90,75.00,3
16814,201103,9788535215243,2,103.90,47.90,75.00,3
16815,201103,9788535206234,3,47.20,79.90,68.33,3
16816,201103,9788532635792,22,12.00,34.90,23.77,3
16817,201103,9788532526076,1,12.00,12.00,12.00,3
16818,201103,9788525048950,21,14.90,52.21,24.71,2
16819,201103,9788525048950,21,14.90,52.21,24.71,2
16820,201103,9788522012305,1,24.90,24.90,24.00,2
16821,201103,9788522009770,1,24.90,24.90,24.00,2
16822,201103,9788522009770,5,20.00,9.98,20.20,2
16823,201103,9788522005239,10,17.52,8.50,19.50,2
16824,201103,9788520924822,8,22.71,39.90,32.13,1
16825,201103,9788520924822,8,22.71,39.90,32.13,1
16826,201103,9788520924099,14,20.00,39.90,29.57,1
16827,201103,9788520924099,14,20.00,39.90,29.57,3
16828,201103,9788516070052,1,9.90,9.90,9.00,3
16829,201103,9788506064634,16,12.18,9.90,18.31,3
16830,201103,9788506064634,16,12.18,9.90,18.31,3
16831,201103,8575426192,16,12.18,9.90,18.31,3
16832,201103,8501090999,16,12.18,9.90,18.31,3
16833,201103,8501090999,16,12.18,9.90,18.31,3
16834,201103,8501090999,16,12.18,9.90,18.31,3
16835,201103,8501090999,16,12.18,9.90,18.31,3
16836,201103,8501090999,16,12.18,9.90,18.31,3
16837,201103,8501090999,12,39.80,47.90,45.33,3
16838,201104,9788599560518,5,29.90,44.90,38.00,3
16839,201104,9788599296363,24,10.00,9.90,31.63,3
16840,201104,9788599296363,24,10.00,9.90,31.63,1
16841,201104,9788599296158,18,17.00,40.90,28.78,1
16842,201104,9788599296158,18,17.00,40.90,28.78,1
16843,201104,9788598078946,18,17.00,40.90,28.78,1
16844,201104,9788598078397,18,17.00,40.90,28.78,1
16845,201104,9788598078397,1,30.00,30.00,30.00,1
16846,201104,9788579300707,1,30.00,30.00,30.00,1
16847,201104,9788579300707,1,30.00,30.00,30.00,2
16848,201104,9788578310431,1,14.90,14.90,14.00,2
16849,201104,9788577221530,17,15.00,43.00,33.29,2
16850,201104,9788576950172,21,13.30,46.90,33.38,2
16851,201104,9788576861034,19,23.90,48.90,31.53,2
16852,201104,9788576860761,21,13.50,64.90,44.90,2
16853,201104,9788576844778,8,18.18,9.90,13.88,2
16854,201104,9788576840626,18,47.90,60.29,54.72,2
16855,201104,9788576832294,22,19.90,52.90,35.77,2
16856,201104,9788576831952,20,19.90,46.90,31.90,2
16857,201104,9788576831303,21,19.90,52.90,34.24,2
16858,201104,9788576831303,21,19.90,52.90,34.24,4
16859,201104,9788576766308,20,36.00,52.90,42.90,4
16860,201104,9788576761730,18,23.60,7.00,26.00,4
16861,201104,9788576654636,24,19.74,37.90,27.92,4
16862,201104,9788576653202,10,17.90,47.90,32.10,3
16863,201104,9788576653202,10,17.90,47.90,32.10,3
16864,201104,9788575426241,10,27.93,7.01,30.40,3
16865,201104,9788575426227,11,19.92,9.90,15.09,3
16866,201104,9788575426166,9,23.90,5.50,23.67,3
16867,201104,9788575425114,9,23.90,5.50,23.67,3
16868,201104,9788575424889,9,23.90,5.50,23.67,2
16869,201104,9788575424889,9,23.90,5.50,23.67,2
16870,201104,9788575424889,1,9.70,9.70,9.00,2
16871,201104,9788575424889,1,9.70,9.70,9.00,2
16872,201104,9788575424889,1,9.70,9.70,9.00,2
16873,201104,9788575424889,1,9.70,9.70,9.00,2
16874,201104,9788575424162,22,15.92,39.90,30.45,2
16875,201104,9788575424100,2,10.00,29.00,19.50,2
16876,201104,9788575423929,8,34.93,59.90,50.25,2
16877,201104,9788575423387,19,39.42,56.90,43.95,2
16878,201104,9788575422397,20,23.62,43.90,31.75,2
16879,201104,9788575422106,20,23.62,43.90,31.75,2
16880,201104,9788575421826,21,25.00,46.90,36.10,2
16881,201104,9788575421024,22,14.90,43.90,30.05,2
16882,201104,9788575421024,22,14.90,43.90,30.05,5
16883,201104,9788575420492,19,15.00,37.90,28.84,5
16884,201104,9788575420270,23,22.40,78.49,36.30,5
16885,201104,9788573029161,23,22.40,78.49,36.30,5
16886,201104,9788573029161,23,22.40,78.49,36.30,5
16887,201104,9788573028928,23,22.40,78.49,36.30,5
16888,201104,9788573028928,23,22.40,78.49,36.30,5
16889,201104,9788573028928,23,22.40,78.49,36.30,3
16890,201104,9788573028928,23,22.40,78.49,36.30,3
16891,201104,9788563219206,2,14.99,20.00,17.00,3
16892,201104,9788563219206,2,14.99,20.00,17.00,1
16893,201104,9788563219183,1,9.00,9.00,9.00,1
16894,201104,9788563219077,2,19.90,9.90,14.00,1
16895,201104,9788563219077,2,19.90,9.90,14.00,1
16896,201104,9788563219022,2,19.90,9.90,14.00,1
16897,201104,9788563219022,2,19.90,9.90,14.00,1
16898,201104,9788563066299,1,27.23,27.23,27.00,1
16899,201104,9788563066251,2,24.00,32.89,28.00,1
16900,201104,9788562936524,2,20.00,49.90,34.50,1
16901,201104,9788562936067,11,22.90,9.90,32.00,1
16902,201104,9788562936067,11,22.90,9.90,32.00,3
16903,201104,9788560018000,22,18.50,59.92,35.50,3
16904,201104,9788560018000,24,18.50,59.92,36.67,3
16905,201104,9788539002085,18,26.62,42.90,33.78,3
16906,201104,9788539000760,20,19.90,51.90,31.90,3
16907,201104,9788537805190,23,29.75,79.90,58.30,3
16908,201104,9788535918298,20,31.43,48.90,38.40,3
16909,201104,9788535215243,20,31.43,48.90,38.40,3
16910,201104,9788535215243,2,103.90,47.90,75.00,3
16911,201104,9788535215243,2,103.90,47.90,75.00,3
16912,201104,9788535206234,3,47.20,79.90,68.33,3
16913,201104,9788528604702,15,42.32,52.90,46.53,3
16914,201104,9788525049292,10,19.00,8.87,24.20,3
16915,201104,9788525048950,21,14.90,52.21,24.71,2
16916,201104,9788525048950,21,14.90,52.21,24.71,2
16917,201104,9788522012305,1,24.90,24.90,24.00,2
16918,201104,9788522009770,5,20.00,9.98,20.20,2
16919,201104,9788522009770,5,20.00,9.98,20.20,2
16920,201104,9788522005239,10,17.52,8.50,19.50,4
16921,201104,9788522005239,10,17.52,8.50,19.50,4
16922,201104,9788520924822,8,22.71,39.90,32.13,4
16923,201104,9788520924099,14,20.00,39.90,29.57,4
16924,201104,9788520924099,14,20.00,39.90,29.57,3
16925,201104,9788516070052,1,9.90,9.90,9.00,3
16926,201104,9788506064634,16,12.18,9.90,18.31,3
16927,201104,9788506064634,16,12.18,9.90,18.31,3
16928,201104,9788501083708,17,43.73,9.99,45.24,3
16929,201105,9788599560518,5,29.90,44.90,38.00,3
16930,201105,9788599296363,24,10.00,9.90,31.63,3
16931,201105,9788599296363,24,10.00,9.90,31.63,1
16932,201105,9788599296158,18,17.00,40.90,28.78,1
16933,201105,9788599296158,18,17.00,40.90,28.78,1
16934,201105,9788598078946,18,17.00,40.90,28.78,1
16935,201105,9788598078397,18,17.00,40.90,28.78,1
16936,201105,9788598078397,1,30.00,30.00,30.00,1
16937,201105,9788586307447,11,23.99,33.60,29.09,1
16938,201105,9788580570458,19,20.00,48.90,38.05,1
16939,201105,9788579800719,19,12.00,35.90,22.63,1
16940,201105,9788579620676,19,30.00,59.90,45.21,1
16941,201105,9788579300707,19,30.00,59.90,45.21,1
16942,201105,9788579300707,19,30.00,59.90,45.21,2
16943,201105,9788578310431,1,14.90,14.90,14.00,2
16944,201105,9788577221530,17,15.00,43.00,33.29,2
16945,201105,9788576861034,19,23.90,48.90,31.53,2
16946,201105,9788576844778,8,18.18,9.90,13.88,2
16947,201105,9788576840626,18,47.90,60.29,54.72,2
16948,201105,9788576832294,22,19.90,52.90,35.77,2
16949,201105,9788576831952,20,19.90,46.90,31.90,2
16950,201105,9788576831303,21,19.90,52.90,34.24,2
16951,201105,9788576766308,20,36.00,52.90,42.90,2
16952,201105,9788576761730,18,23.60,7.00,26.00,2
16953,201105,9788576656227,8,18.00,46.61,31.38,2
16954,201105,9788576656227,8,18.00,46.61,31.38,2
16955,201105,9788576653202,10,17.90,47.90,32.10,3
16956,201105,9788576653202,10,17.90,47.90,32.10,3
16957,201105,9788575426456,4,34.90,8.00,27.50,3
16958,201105,9788575426166,9,23.90,5.50,23.67,3
16959,201105,9788575425114,9,23.90,5.50,23.67,3
16960,201105,9788575424889,9,23.90,5.50,23.67,2
16961,201105,9788575424889,9,23.90,5.50,23.67,2
16962,201105,9788575424889,9,23.90,5.50,23.67,2
16963,201105,9788575424889,1,9.70,9.70,9.00,2
16964,201105,9788575424889,1,9.70,9.70,9.00,2
16965,201105,9788575424889,1,9.70,9.70,9.00,2
16966,201105,9788575423387,19,39.42,56.90,43.95,2
16967,201105,9788575422397,20,23.62,43.90,31.75,2
16968,201105,9788575422106,20,23.62,43.90,31.75,2
16969,201105,9788575421826,21,25.00,46.90,36.10,2
16970,201105,9788575421024,22,14.90,43.90,30.05,2
16971,201105,9788575420270,23,22.40,78.49,36.30,2
16972,201105,9788573516814,23,22.40,78.49,36.30,2
16973,201105,9788573125788,16,11.90,28.90,16.19,2
16974,201105,9788573029161,16,11.90,28.90,16.19,2
16975,201105,9788573029161,16,11.90,28.90,16.19,2
16976,201105,9788573028928,16,11.90,28.90,16.19,2
16977,201105,9788573028928,16,11.90,28.90,16.19,3
16978,201105,9788573028928,16,11.90,28.90,16.19,3
16979,201105,9788573028928,16,11.90,28.90,16.19,3
16980,201105,9788563219206,2,14.99,20.00,17.00,1
16981,201105,9788563219206,2,14.99,20.00,17.00,1
16982,201105,9788563219183,1,9.00,9.00,9.00,1
16983,201105,9788563219077,2,19.90,9.90,14.00,1
16984,201105,9788563219077,2,19.90,9.90,14.00,1
16985,201105,9788563219022,2,19.90,9.90,14.00,1
16986,201105,9788563219022,2,19.90,9.90,14.00,1
16987,201105,9788563066299,1,27.23,27.23,27.00,1
16988,201105,9788563066251,2,24.00,32.89,28.00,1
16989,201105,9788562936524,2,20.00,49.90,34.50,1
16990,201105,9788562936524,2,20.00,49.90,34.50,1
16991,201105,9788562936067,11,22.90,9.90,32.00,1
16992,201105,9788562936067,11,22.90,9.90,32.00,3
16993,201105,9788560018000,22,18.50,59.92,35.50,3
16994,201105,9788560018000,24,18.50,59.92,36.67,3
16995,201105,9788539002191,1,20.00,20.00,20.00,3
16996,201105,9788539002085,18,26.62,42.90,33.78,3
16997,201105,9788539000760,20,19.90,51.90,31.90,3
16998,201105,9788537805190,23,29.75,79.90,58.30,3
16999,201105,9788535918298,20,31.43,48.90,38.40,3
17000,201105,9788535215243,2,103.90,47.90,75.00,3
17001,201105,9788535215243,2,103.90,47.90,75.00,3
17002,201105,9788535215243,2,103.90,47.90,75.00,3
17003,201105,9788535206234,3,47.20,79.90,68.33,3
17004,201105,9788532635792,22,12.00,34.90,23.77,3
17005,201105,9788531209567,22,12.00,34.90,23.77,3
17006,201105,9788525049292,10,19.00,8.87,24.20,3
17007,201105,9788525048950,21,14.90,52.21,24.71,3
17008,201105,9788525048950,21,14.90,52.21,24.71,2
17009,201105,9788522012862,9,31.92,79.90,47.00,2
17010,201105,9788522005239,10,17.52,8.50,19.50,2
17011,201105,9788522005239,10,17.52,8.50,19.50,4
17012,201105,9788520924822,8,22.71,39.90,32.13,4
17013,201105,9788520924099,14,20.00,39.90,29.57,4
17014,201105,9788520924099,14,20.00,39.90,29.57,3
17015,201105,9788516070052,1,9.90,9.90,9.00,3
17016,201105,9788506064634,16,12.18,9.90,18.31,3
17017,201105,9788506064634,16,12.18,9.90,18.31,3
17018,201105,9788502123854,16,25.00,38.00,31.19,3
17019,201105,9788501088710,18,19.90,74.90,58.67,3
17020,201106,9788599296554,22,12.00,59.90,44.36,3
17021,201106,9788599296363,24,10.00,9.90,31.63,1
17022,201106,9788599296363,24,10.00,9.90,31.63,1
17023,201106,9788599296158,18,17.00,40.90,28.78,1
17024,201106,9788599296158,18,17.00,40.90,28.78,1
17025,201106,9788598078946,18,17.00,40.90,28.78,1
17026,201106,9788598078397,1,30.00,30.00,30.00,1
17027,201106,9788598078397,1,30.00,30.00,30.00,1
17028,201106,9788580570458,19,20.00,48.90,38.05,1
17029,201106,9788580570458,19,20.00,48.90,38.05,1
17030,201106,9788579620676,19,30.00,59.90,45.21,1
17031,201106,9788579300707,19,30.00,59.90,45.21,1
17032,201106,9788579300707,19,30.00,59.90,45.21,2
17033,201106,9788578310431,1,14.90,14.90,14.00,2
17034,201106,9788577221530,17,15.00,43.00,33.29,2
17035,201106,9788576861034,19,23.90,48.90,31.53,2
17036,201106,9788576840626,18,47.90,60.29,54.72,2
17037,201106,9788576832294,22,19.90,52.90,35.77,2
17038,201106,9788576831952,20,19.90,46.90,31.90,2
17039,201106,9788576831303,21,19.90,52.90,34.24,2
17040,201106,9788576766308,20,36.00,52.90,42.90,2
17041,201106,9788576761730,18,23.60,7.00,26.00,2
17042,201106,9788576656227,8,18.00,46.61,31.38,2
17043,201106,9788576656227,8,18.00,46.61,31.38,2
17044,201106,9788576654636,24,19.74,37.90,27.92,2
17045,201106,9788576653202,10,17.90,47.90,32.10,3
17046,201106,9788576653202,10,17.90,47.90,32.10,3
17047,201106,9788575426456,4,34.90,8.00,27.50,3
17048,201106,9788575426432,22,11.89,34.90,25.77,3
17049,201106,9788575425114,22,11.89,34.90,25.77,3
17050,201106,9788575424889,22,11.89,34.90,25.77,3
17051,201106,9788575424889,1,9.70,9.70,9.00,3
17052,201106,9788575424889,1,9.70,9.70,9.00,3
17053,201106,9788575422397,20,23.62,43.90,31.75,3
17054,201106,9788575422106,20,23.62,43.90,31.75,3
17055,201106,9788575421826,21,25.00,46.90,36.10,3
17056,201106,9788575421024,22,14.90,43.90,30.05,3
17057,201106,9788575420270,23,22.40,78.49,36.30,3
17058,201106,9788573516814,23,22.40,78.49,36.30,3
17059,201106,9788573126952,11,14.53,6.00,13.91,3
17060,201106,9788573029161,11,14.53,6.00,13.91,3
17061,201106,9788573029161,11,14.53,6.00,13.91,3
17062,201106,9788573028928,11,14.53,6.00,13.91,3
17063,201106,9788573028928,11,14.53,6.00,13.91,3
17064,201106,9788563219206,2,14.99,20.00,17.00,1
17065,201106,9788563219206,2,14.99,20.00,17.00,1
17066,201106,9788563219077,2,19.90,9.90,14.00,1
17067,201106,9788563219022,2,19.90,9.90,14.00,1
17068,201106,9788563219022,2,19.90,9.90,14.00,1
17069,201106,9788563066251,2,24.00,32.89,28.00,1
17070,201106,9788562936524,2,20.00,49.90,34.50,1
17071,201106,9788562936524,2,20.00,49.90,34.50,1
17072,201106,9788562936067,11,22.90,9.90,32.00,3
17073,201106,9788562936067,11,22.90,9.90,32.00,3
17074,201106,9788560018000,24,18.50,59.92,36.67,3
17075,201106,9788560018000,22,18.50,59.92,35.50,3
17076,201106,9788539002214,17,46.50,82.90,58.76,3
17077,201106,9788539002191,1,20.00,20.00,20.00,3
17078,201106,9788539002085,18,26.62,42.90,33.78,3
17079,201106,9788539000760,20,19.90,51.90,31.90,3
17080,201106,9788537805190,23,29.75,79.90,58.30,3
17081,201106,9788535918731,9,20.00,47.90,42.11,3
17082,201106,9788535215243,2,103.90,47.90,75.00,3
17083,201106,9788535215243,2,103.90,47.90,75.00,3
17084,201106,9788535215243,2,103.90,47.90,75.00,3
17085,201106,9788535206234,3,47.20,79.90,68.33,3
17086,201106,9788531209567,3,47.20,79.90,68.33,3
17087,201106,9788525048950,21,14.90,52.21,24.71,2
17088,201106,9788525048950,21,14.90,52.21,24.71,2
17089,201106,9788522012305,1,24.90,24.90,24.00,2
17090,201106,9788522009770,5,20.00,9.98,20.20,2
17091,201106,9788522009770,5,20.00,9.98,20.20,2
17092,201106,9788522005239,10,17.52,8.50,19.50,4
17093,201106,9788522005239,10,17.52,8.50,19.50,4
17094,201106,9788520924822,8,22.71,39.90,32.13,4
17095,201106,9788520924099,14,20.00,39.90,29.57,3
17096,201106,9788520924099,14,20.00,39.90,29.57,3
17097,201106,9788516070052,1,9.90,9.90,9.00,3
17098,201106,9788506064634,16,12.18,9.90,18.31,3
17099,201106,9788506064634,16,12.18,9.90,18.31,3
17100,201106,9788502126404,13,21.68,32.90,25.54,3
17101,201106,9788502124042,19,18.90,34.90,28.79,3
17102,201106,9788502123854,16,25.00,38.00,31.19,3
17103,201106,9788501088710,18,19.90,74.90,58.67,3
17104,201106,9788501088710,18,19.90,74.90,58.67,5
17105,201106,9788501083708,17,43.73,9.99,45.24,5
17106,201106,9788500019531,2,27.44,50.90,38.50,5
17107,201107,9788599296554,22,12.00,59.90,44.36,5
17108,201107,9788599296363,24,10.00,9.90,31.63,1
17109,201107,9788599296363,24,10.00,9.90,31.63,1
17110,201107,9788599296158,18,17.00,40.90,28.78,1
17111,201107,9788599296158,18,17.00,40.90,28.78,1
17112,201107,9788598078946,18,17.00,40.90,28.78,1
17113,201107,9788598078588,4,10.98,18.90,16.00,1
17114,201107,9788598078397,1,30.00,30.00,30.00,1
17115,201107,9788598078397,1,30.00,30.00,30.00,1
17116,201107,9788598078175,23,37.99,53.90,45.04,1
17117,201107,9788580570458,19,20.00,48.90,38.05,1
17118,201107,9788579300707,19,20.00,48.90,38.05,1
17119,201107,9788579300707,19,20.00,48.90,38.05,2
17120,201107,9788578310431,1,14.90,14.90,14.00,2
17121,201107,9788576840626,18,47.90,60.29,54.72,2
17122,201107,9788576832294,22,19.90,52.90,35.77,2
17123,201107,9788576831952,20,19.90,46.90,31.90,2
17124,201107,9788576831303,21,19.90,52.90,34.24,2
17125,201107,9788576795025,18,26.34,46.90,33.56,2
17126,201107,9788576795025,18,26.34,46.90,33.56,1
17127,201107,9788576766308,20,36.00,52.90,42.90,1
17128,201107,9788576761730,18,23.60,7.00,26.00,1
17129,201107,9788576656227,8,18.00,46.61,31.38,1
17130,201107,9788576656227,8,18.00,46.61,31.38,2
17131,201107,9788576654636,24,19.74,37.90,27.92,2
17132,201107,9788576653202,10,17.90,47.90,32.10,2
17133,201107,9788575426432,22,11.89,34.90,25.77,2
17134,201107,9788575425114,22,11.89,34.90,25.77,2
17135,201107,9788575424889,22,11.89,34.90,25.77,2
17136,201107,9788575424889,22,11.89,34.90,25.77,2
17137,201107,9788575424889,1,9.70,9.70,9.00,2
17138,201107,9788575424889,1,9.70,9.70,9.00,2
17139,201107,9788575424889,1,9.70,9.70,9.00,2
17140,201107,9788575424889,1,9.70,9.70,9.00,2
17141,201107,9788575424162,22,15.92,39.90,30.45,2
17142,201107,9788575422427,21,10.00,39.90,28.48,2
17143,201107,9788575422397,20,23.62,43.90,31.75,2
17144,201107,9788575422106,20,23.62,43.90,31.75,2
17145,201107,9788575421826,21,25.00,46.90,36.10,2
17146,201107,9788575421550,24,15.92,9.90,28.83,2
17147,201107,9788575421024,22,14.90,43.90,30.05,2
17148,201107,9788575420478,26,19.99,39.90,53.15,2
17149,201107,9788575420270,23,22.40,78.49,36.30,2
17150,201107,9788573516814,23,22.40,78.49,36.30,2
17151,201107,9788573126525,1,19.90,19.90,19.00,2
17152,201107,9788573029161,1,19.90,19.90,19.00,2
17153,201107,9788573029161,1,19.90,19.90,19.00,2
17154,201107,9788573028928,1,19.90,19.90,19.00,2
17155,201107,9788573028928,1,19.90,19.90,19.00,2
17156,201107,9788563219206,2,14.99,20.00,17.00,2
17157,201107,9788563219206,2,14.99,20.00,17.00,1
17158,201107,9788563219183,1,9.00,9.00,9.00,1
17159,201107,9788563219077,2,19.90,9.90,14.00,1
17160,201107,9788563219022,2,19.90,9.90,14.00,1
17161,201107,9788563219022,2,19.90,9.90,14.00,1
17162,201107,9788563066251,2,24.00,32.89,28.00,1
17163,201107,9788562936524,2,20.00,49.90,34.50,1
17164,201107,9788562936524,2,20.00,49.90,34.50,1
17165,201107,9788562936067,11,22.90,9.90,32.00,3
17166,201107,9788562936067,11,22.90,9.90,32.00,3
17167,201107,9788560018000,24,18.50,59.92,36.67,3
17168,201107,9788560018000,22,18.50,59.92,35.50,3
17169,201107,9788539502851,20,25.00,9.90,29.05,3
17170,201107,9788539002597,15,30.00,59.90,44.53,3
17171,201107,9788539002191,1,20.00,20.00,20.00,3
17172,201107,9788535918731,9,20.00,47.90,42.11,3
17173,201107,9788535918731,9,20.00,47.90,42.11,3
17174,201107,9788535206234,3,47.20,79.90,68.33,3
17175,201107,9788532635792,22,12.00,34.90,23.77,3
17176,201107,9788532526670,22,12.00,34.90,23.77,3
17177,201107,9788531209567,22,12.00,34.90,23.77,3
17178,201107,9788525423535,22,12.00,34.90,23.77,3
17179,201107,9788525048950,21,14.90,52.21,24.71,3
17180,201107,9788525048950,21,14.90,52.21,24.71,2
17181,201107,9788522012305,1,24.90,24.90,24.00,2
17182,201107,9788522005239,10,17.52,8.50,19.50,2
17183,201107,9788520924822,8,22.71,39.90,32.13,2
17184,201107,9788520924099,14,20.00,39.90,29.57,2
17185,201107,9788516070052,1,9.90,9.90,9.00,2
17186,201107,9788502126404,13,21.68,32.90,25.54,2
17187,201107,9788502124042,19,18.90,34.90,28.79,2
17188,201107,9788502123854,16,25.00,38.00,31.19,2
17189,201107,9788501088710,18,19.90,74.90,58.67,5
17190,201107,9788501088710,18,19.90,74.90,58.67,5
17191,201107,9788500019531,2,27.44,50.90,38.50,2
